1025003001,出版物|音像|音乐,红孩子图书音像制品胎教音乐(3CD)胎教音乐,(3CD)胎教音乐 ,红孩子,
1025003001,出版物|音像|音乐,红孩子图书音像制品胎教音乐胎教美文欣赏(准妈妈篇)2(2CD),胎教美文欣赏(准妈妈篇)2(2CD) ,红孩子,
1025003001,出版物|音像|音乐,红孩子图书音像制品儿歌越玩越聪明-音乐亲子游戏(1VCD+1C,越玩越聪明-音乐亲子游戏(1VCD+1CD) ,红孩子,
1025003001,出版物|音像|音乐,红孩子图书音像制品胎教音乐胎教新概念(音带),胎教新概念(音带) ,红孩子,
1025003001,出版物|音像|音乐,图书杂志>音像制品>音乐>轻音乐>图书,精装镀金版班得瑞:月光水岸 CD,1号店,图书
1025003001,出版物|音像|音乐,所有分类>图书杂志>音像制品>音乐>轻音乐>图书>安神音乐-如沐春风(...,安神音乐-如沐春风(黑胶2CD),1号店,图书
1025003001,出版物|音像|音乐,图书音像>影视/娱乐/音乐>中老年声乐教程(附教学DVD)(新),中老年声乐教程(附教学DVD)(新),国美电器网上商城,新华文轩旗舰店
1025003001,出版物|音像|音乐,图书音像>影视/娱乐/音乐>私人音乐.小圈子里推崇的40张CD/,私人音乐.小圈子里推崇的40张CD/,国美电器网上商城,新华文轩旗舰店
1025003001,出版物|音像|音乐,图书音像>影视/娱乐/音乐>世界经典电影鉴赏,世界经典电影鉴赏,国美电器网上商城,新华文轩旗舰店
1025003001,出版物|音像|音乐,图书音像>影视/娱乐/音乐>最美的音乐史,最美的音乐史,国美电器网上商城,新华文轩旗舰店
1025003001,出版物|音像|音乐,图书音像>影视/娱乐/音乐>中国电影与意境,中国电影与意境,国美电器网上商城,新华文轩旗舰店
1025003001,出版物|音像|音乐,图书音像>影视/娱乐/音乐>青少年大提琴奏鸣曲选,青少年大提琴奏鸣曲选,国美电器网上商城,新华文轩旗舰店
1025003001,出版物|音像|音乐,图书音像>影视/娱乐/音乐>亨德尔歌剧著名咏叹调选集(中低音卷),亨德尔歌剧著名咏叹调选集(中低音卷),国美电器网上商城,新华文轩旗舰店
1025003001,出版物|音像|音乐,图书音像>影视/娱乐/音乐>轻轻松松识五线谱,轻轻松松识五线谱,国美电器网上商城,新华文轩旗舰店
1025003001,出版物|音像|音乐,图书音像>影视/娱乐/音乐>中国名歌500首（第2版）,中国名歌500首（第2版）,国美电器网上商城,新华文轩旗舰店
1025003001,出版物|音像|音乐,图书音像>影视/娱乐/音乐>通俗名曲大全,通俗名曲大全,国美电器网上商城,新华文轩旗舰店
1025003001,出版物|音像|音乐,图书音像>影视/娱乐/音乐>一次读完10位音乐大师经典讲义,一次读完10位音乐大师经典讲义,国美电器网上商城,新华文轩旗舰店
1025003001,出版物|音像|音乐,图书音像>影视/娱乐/音乐>田野静悄悄/俄罗斯无伴奏合唱精品曲选,田野静悄悄/俄罗斯无伴奏合唱精品曲选,国美电器网上商城,新华文轩旗舰店
1025003001,出版物|音像|音乐,图书音像>影视/娱乐/音乐>巴赫.托卡塔,巴赫.托卡塔,国美电器网上商城,新华文轩旗舰店
1025003001,出版物|音像|音乐,图书音像>影视/娱乐/音乐>屈原 蔡文姬,屈原 蔡文姬,国美电器网上商城,新华文轩旗舰店
1025003001,出版物|音像|音乐,图书音像>影视/娱乐/音乐>吉他三月通(修订本),吉他三月通(修订本),国美电器网上商城,新华文轩旗舰店
1025003001,出版物|音像|音乐,图书音像>影视/娱乐/音乐>中国红歌汇：爱国歌曲160首(精选,中国红歌汇：爱国歌曲160首(精选,国美电器网上商城,新华文轩旗舰店
1025003001,出版物|音像|音乐,图书音像>影视/娱乐/音乐>张世祥小提琴启蒙教程1(1DVD),张世祥小提琴启蒙教程1(1DVD),国美电器网上商城,新华文轩旗舰店
1025003001,出版物|音像|音乐,图书音像>影视/娱乐/音乐>湖湘木偶与皮影（布面）,湖湘木偶与皮影（布面）,国美电器网上商城,新华文轩旗舰店
1025003001,出版物|音像|音乐,图书音像>影视/娱乐/音乐>世界动画电影史,世界动画电影史,国美电器网上商城,新华文轩旗舰店
1025003001,出版物|音像|音乐,图书音像>影视/娱乐/音乐>浪漫主义时期,浪漫主义时期,国美电器网上商城,新华文轩旗舰店
1025003001,出版物|音像|音乐,图书音像>影视/娱乐/音乐>陪孩子看电影吧—第七课堂,陪孩子看电影吧—第七课堂,国美电器网上商城,新华文轩旗舰店
1025003001,出版物|音像|音乐,图书音像>音乐>爱情故事--奥斯卡奖电影歌曲精选(附光盘)/小提琴演奏中,爱情故事--奥斯卡奖电影歌曲精选(附光盘)/小提琴演奏中,国美电器网上商城,博库网旗舰店
1025003001,出版物|音像|音乐,图书音像>影视/娱乐/音乐>巴赫小前奏曲与赋格曲,巴赫小前奏曲与赋格曲,国美电器网上商城,新华文轩旗舰店
1025003001,出版物|音像|音乐,图书音像>影视/娱乐/音乐>民谣吉他自学入门,民谣吉他自学入门,国美电器网上商城,新华文轩旗舰店
1025003001,出版物|音像|音乐,图书音像>影视/娱乐/音乐>外国电影史,外国电影史,国美电器网上商城,新华文轩旗舰店
1025003001,出版物|音像|音乐,图书音像>影视/娱乐/音乐>那些年,我们一起弹过的吉他,那些年,我们一起弹过的吉他,国美电器网上商城,新华文轩旗舰店
1025003001,出版物|音像|音乐,图书音像>影视/娱乐/音乐>木吉他超炫弹唱集,木吉他超炫弹唱集,国美电器网上商城,新华文轩旗舰店
1025003001,出版物|音像|音乐,所有分类>图书杂志>音像制品>音乐>轻音乐>图书>【风潮音乐】心能量S...,【风潮音乐】心能量SPA音乐—自然（CD）轻音乐舒压,1号店,图书
1025003001,出版物|音像|音乐,所有分类>图书杂志>音像制品>音乐>华语流行>图书>【星外星】正版现货|SHE：花又开好了一起的美好 (豪华限量版),【星外星】正版现货|SHE：花又开好了一起的美好 (豪华限量版),1号店,图书
1025003001,出版物|音像|音乐,所有分类>图书杂志>音像制品>音乐>轻音乐>图书>【星外星】正版现货|李云迪：贝多芬 钢琴曲(CD)悲怆 月光 热情,【星外星】正版现货|李云迪：贝多芬 钢琴曲(CD)悲怆 月光 热情,1号店,图书
1025003001,出版物|音像|音乐,所有分类>图书杂志>音像制品>音乐>轻音乐>图书>世界风情画系列1—巴...,世界风情画系列1—巴西篇(CD),1号店,图书
1025003001,出版物|音像|音乐,图书音像>影视/娱乐/音乐>青年电影手册(第五辑),青年电影手册(第五辑),国美电器网上商城,新华文轩旗舰店
1025003001,出版物|音像|音乐,图书音像>影视/娱乐/音乐>读电影(百年奥斯卡最佳电影品鉴1,读电影(百年奥斯卡最佳电影品鉴1,国美电器网上商城,新华文轩旗舰店
1025003001,出版物|音像|音乐,图书音像>影视/娱乐/音乐>快乐儿歌钢琴曲集·下,快乐儿歌钢琴曲集·下,国美电器网上商城,新华文轩旗舰店
1025003001,出版物|音像|音乐,图书音像>影视/娱乐/音乐>二胡,二胡,国美电器网上商城,新华文轩旗舰店
1025003001,出版物|音像|音乐,图书音像>影视/娱乐/音乐>感恩亲情115首钢琴曲(含光盘),感恩亲情115首钢琴曲(含光盘),国美电器网上商城,影视/娱乐/音乐
1025003001,出版物|音像|音乐,图书音像>影视/娱乐/音乐>电影批评：影像符码与中国阐释,电影批评：影像符码与中国阐释,国美电器网上商城,新华文轩旗舰店
1025003001,出版物|音像|音乐,图书音像>影视/娱乐/音乐>胡梅尔E大调小号协奏曲(含CD1张),胡梅尔E大调小号协奏曲(含CD1张),国美电器网上商城,新华文轩旗舰店
1025003001,出版物|音像|音乐,文轩网 > 音像 > 音乐 > 民族音乐 > 大陆民歌歌曲CD > (1CD)李谷一 电影插曲演唱选辑/隽永留声.歌唱家系列(CD),(1CD)李谷一 电影插曲演唱选辑/隽永留声.歌唱家系列(CD),文轩网,
1025003001,出版物|音像|音乐,图书音像>影视/娱乐/音乐>巴赫初级钢琴曲集,巴赫初级钢琴曲集,国美电器网上商城,新华文轩旗舰店
1025003001,出版物|音像|音乐,图书音像>影视/娱乐/音乐>周杰伦经典钢琴曲55首,周杰伦经典钢琴曲55首,国美电器网上商城,新华文轩旗舰店
1025003001,出版物|音像|音乐,图书音像>影视/娱乐/音乐>小老鼠学五线谱(3),小老鼠学五线谱(3),国美电器网上商城,新华文轩旗舰店
1025003001,出版物|音像|音乐,图书音像>影视/娱乐/音乐>怎样写合唱曲,怎样写合唱曲,国美电器网上商城,新华文轩旗舰店
1025003001,出版物|音像|音乐,图书音像>影视/娱乐/音乐>新人金曲100首2010年新歌榜,新人金曲100首2010年新歌榜,国美电器网上商城,新华文轩旗舰店
1025003001,出版物|音像|音乐,图书音像>影视/娱乐/音乐>古都西安长安戏曲(精),古都西安长安戏曲(精),国美电器网上商城,新华文轩旗舰店
1025003001,出版物|音像|音乐,图书音像>影视/娱乐/音乐>外国合唱经典作品选1:13世纪-17世纪作品,外国合唱经典作品选1:13世纪-17世纪作品,国美电器网上商城,新华文轩旗舰店
1025003001,出版物|音像|音乐,图书音像>影视/娱乐/音乐>巴赫6首小提琴无伴奏奏鸣曲和组曲,巴赫6首小提琴无伴奏奏鸣曲和组曲,国美电器网上商城,新华文轩旗舰店
1025003001,出版物|音像|音乐,图书音像>影视/娱乐/音乐>当代大型二胡创作精选,当代大型二胡创作精选,国美电器网上商城,新华文轩旗舰店
1025003001,出版物|音像|音乐,图书音像>影视/娱乐/音乐>无与伦比的杰作：周杰伦吉他弹唱,无与伦比的杰作：周杰伦吉他弹唱,国美电器网上商城,新华文轩旗舰店
1025003001,出版物|音像|音乐,图书音像>影视/娱乐/音乐>摄影构图(第2版),摄影构图(第2版),国美电器网上商城,新华文轩旗舰店
1025003001,出版物|音像|音乐,图书音像>影视/娱乐/音乐>主持人形象塑造艺术,主持人形象塑造艺术,国美电器网上商城,新华文轩旗舰店
1025003001,出版物|音像|音乐,图书音像>影视/娱乐/音乐>我是吉他歌手:适合初级、中级水平弹奏吉他弹唱最热流行歌曲集,我是吉他歌手:适合初级、中级水平弹奏吉他弹唱最热流行歌曲集,国美电器网上商城,新华文轩旗舰店
1025003001,出版物|音像|音乐,图书音像>影视/娱乐/音乐>德国公共广播电视:基础-分析-展望,德国公共广播电视:基础-分析-展望,国美电器网上商城,新华文轩旗舰店
1025003001,出版物|音像|音乐,图书音像>影视/娱乐/音乐>手把手教你吉他弹唱,手把手教你吉他弹唱,国美电器网上商城,新华文轩旗舰店
1025003001,出版物|音像|音乐,图书音像>影视/娱乐/音乐>音乐学基础知识问答(修订版),音乐学基础知识问答(修订版),国美电器网上商城,新华文轩旗舰店
1025003001,出版物|音像|音乐,图书音像>影视/娱乐/音乐>阶梯式中音萨克斯流行金曲50首,阶梯式中音萨克斯流行金曲50首,国美电器网上商城,新华文轩旗舰店
1025003001,出版物|音像|音乐,图书音像>影视/娱乐/音乐>声乐教学论(21世纪全国高师音乐系列教材),声乐教学论(21世纪全国高师音乐系列教材),国美电器网上商城,新华文轩旗舰店
1025003001,出版物|音像|音乐,图书音像>影视/娱乐/音乐>苏七块,苏七块,国美电器网上商城,新华文轩旗舰店
1025003001,出版物|音像|音乐,图书音像>影视/娱乐/音乐>声乐卷补充歌曲/高考音乐强化训练(附MP3),声乐卷补充歌曲/高考音乐强化训练(附MP3),国美电器网上商城,新华文轩旗舰店
1025003001,出版物|音像|音乐,图书音像>影视/娱乐/音乐>吉他弹唱校园民谣精品大全,吉他弹唱校园民谣精品大全,国美电器网上商城,新华文轩旗舰店
1025003001,出版物|音像|音乐,图书音像>影视/娱乐/音乐>舞步上的史诗(中英文),舞步上的史诗(中英文),国美电器网上商城,新华文轩旗舰店
1025003001,出版物|音像|音乐,图书音像>影视/娱乐/音乐>乔伊斯诗学研究/文学理论批评建设丛书,乔伊斯诗学研究/文学理论批评建设丛书,国美电器网上商城,新华文轩旗舰店
1025003001,出版物|音像|音乐,图书音像>影视/娱乐/音乐>党旗飘扬.军歌嘹亮,党旗飘扬.军歌嘹亮,国美电器网上商城,新华文轩旗舰店
1025003001,出版物|音像|音乐,图书音像>影视/娱乐/音乐>琵琶基础教程,琵琶基础教程,国美电器网上商城,新华文轩旗舰店
1025003001,出版物|音像|音乐,图书音像>影视/娱乐/音乐>电影x音乐(修订版),电影x音乐(修订版),国美电器网上商城,新华文轩旗舰店
1025003001,出版物|音像|音乐,图书音像>影视/娱乐/音乐>草原风高原情歌曲集,草原风高原情歌曲集,国美电器网上商城,新华文轩旗舰店
1025003001,出版物|音像|音乐,图书音像>影视/娱乐/音乐>李金斗陈涌泉给您说过的相声,李金斗陈涌泉给您说过的相声,国美电器网上商城,新华文轩旗舰店
1025003001,出版物|音像|音乐,图书音像>影视/娱乐/音乐>百唱不厌-红歌,百唱不厌-红歌,国美电器网上商城,新华文轩旗舰店
1025003001,出版物|音像|音乐,图书音像>影视/娱乐/音乐>故宫古琴图典,故宫古琴图典,国美电器网上商城,新华文轩旗舰店
1025003001,出版物|音像|音乐,图书音像>影视/娱乐/音乐>有生之年非看不可的101部恐怖电影,有生之年非看不可的101部恐怖电影,国美电器网上商城,新华文轩旗舰店
1025003001,出版物|音像|音乐,图书音像>影视/娱乐/音乐>我为歌狂：吉他弹唱流行宝典1,我为歌狂：吉他弹唱流行宝典1,国美电器网上商城,新华文轩旗舰店
1025003001,出版物|音像|音乐,图书音像>影视/娱乐/音乐>中音萨克斯管独奏世界古典名曲(简易版)(附CD),中音萨克斯管独奏世界古典名曲(简易版)(附CD),国美电器网上商城,新华文轩旗舰店
1025003001,出版物|音像|音乐,图书音像>影视/娱乐/音乐>铜鼓文化,铜鼓文化,国美电器网上商城,新华文轩旗舰店
1025003001,出版物|音像|音乐,图书音像>影视/娱乐/音乐>中外吉他经典独奏曲精选,中外吉他经典独奏曲精选,国美电器网上商城,新华文轩旗舰店
1025003001,出版物|音像|音乐,图书音像>影视/娱乐/音乐>汤显祖戏曲集,汤显祖戏曲集,国美电器网上商城,新华文轩旗舰店
1025003001,出版物|音像|音乐,图书音像>影视/娱乐/音乐>中国歌剧史(上下),中国歌剧史(上下),国美电器网上商城,新华文轩旗舰店
1025003001,出版物|音像|音乐,图书音像>影视/娱乐/音乐>小号(1),小号(1),国美电器网上商城,新华文轩旗舰店
1025003001,出版物|音像|音乐,图书音像>影视/娱乐/音乐>高清电影摄影(插图第3版),高清电影摄影(插图第3版),国美电器网上商城,新华文轩旗舰店
1025003001,出版物|音像|音乐,图书音像>影视/娱乐/音乐>汽车练歌易宝书,汽车练歌易宝书,国美电器网上商城,新华文轩旗舰店
1025003001,出版物|音像|音乐,图书音像>影视/娱乐/音乐>关于电影学的100个故事,关于电影学的100个故事,国美电器网上商城,新华文轩旗舰店
1025003001,出版物|音像|音乐,图书音像>影视/娱乐/音乐>世纪大思辨:学院派书法创作理论大系,世纪大思辨:学院派书法创作理论大系,国美电器网上商城,新华文轩旗舰店
1025003001,出版物|音像|音乐,图书音像>影视/娱乐/音乐>于魁智和他的戏,于魁智和他的戏,国美电器网上商城,新华文轩旗舰店
1025003001,出版物|音像|音乐,图书音像>影视/娱乐/音乐>开演前后:我所亲历的演出活动,开演前后:我所亲历的演出活动,国美电器网上商城,新华文轩旗舰店
1025003001,出版物|音像|音乐,图书音像>影视/娱乐/音乐>诗性江南的道与怀,诗性江南的道与怀,国美电器网上商城,新华文轩旗舰店
1025003001,出版物|音像|音乐,图书音像>影视/娱乐/音乐>实用视唱基础教程,实用视唱基础教程,国美电器网上商城,新华文轩旗舰店
1025003001,出版物|音像|音乐,图书音像>影视/娱乐/音乐>影视导演成长记录(我在电影学院学到的101件事),影视导演成长记录(我在电影学院学到的101件事),国美电器网上商城,新华文轩旗舰店
1025003001,出版物|音像|音乐,图书音像>影视/娱乐/音乐>电视导演基础,电视导演基础,国美电器网上商城,新华文轩旗舰店
1025003001,出版物|音像|音乐,图书音像>影视/娱乐/音乐>中国二胡60年经典曲集4.1990-1999,中国二胡60年经典曲集4.1990-1999,国美电器网上商城,新华文轩旗舰店
1025003001,出版物|音像|音乐,图书音像>影视/娱乐/音乐>中国二胡60年经典曲集2.1970-1979,中国二胡60年经典曲集2.1970-1979,国美电器网上商城,新华文轩旗舰店
1025003001,出版物|音像|音乐,图书音像>影视/娱乐/音乐>粤曲/岭南文化知识书系,粤曲/岭南文化知识书系,国美电器网上商城,新华文轩旗舰店
1025003001,出版物|音像|音乐,图书音像>影视/娱乐/音乐>孩子们的拜厄(上下)(修订版),孩子们的拜厄(上下)(修订版),国美电器网上商城,新华文轩旗舰店
1025003001,出版物|音像|音乐,图书音像>影视/娱乐/音乐>走向复兴:新编管乐合奏曲集,走向复兴:新编管乐合奏曲集,国美电器网上商城,新华文轩旗舰店
1025003001,出版物|音像|音乐,图书音像>影视/娱乐/音乐>张学友金曲100,张学友金曲100,国美电器网上商城,新华文轩旗舰店
1025003001,出版物|音像|音乐,图书音像>影视/娱乐/音乐>彼得与狼 钢琴演奏小品,彼得与狼 钢琴演奏小品,国美电器网上商城,新华文轩旗舰店
1025003001,出版物|音像|音乐,图书音像>影视/娱乐/音乐>岁月如歌—知音合唱歌曲集,岁月如歌—知音合唱歌曲集,国美电器网上商城,新华文轩旗舰店
1025003001,出版物|音像|音乐,图书音像>影视/娱乐/音乐>中外流行音乐基础知识,中外流行音乐基础知识,国美电器网上商城,新华文轩旗舰店
1025003001,出版物|音像|音乐,图书音像>影视/娱乐/音乐>视唱练耳高考必备(修订本),视唱练耳高考必备(修订本),国美电器网上商城,新华文轩旗舰店
1025003001,出版物|音像|音乐,图书音像>影视/娱乐/音乐>动撼心弦:辉煌小提琴之古典大师珍版独奏曲65首(下),动撼心弦:辉煌小提琴之古典大师珍版独奏曲65首(下),国美电器网上商城,新华文轩旗舰店
1025003001,出版物|音像|音乐,图书音像>影视/娱乐/音乐>德国的音乐教育:一本涉及多方面的德语学习课本,德国的音乐教育:一本涉及多方面的德语学习课本,国美电器网上商城,新华文轩旗舰店
1025003001,出版物|音像|音乐,图书音像>影视/娱乐/音乐>开心宝宝学音乐第一册(附教具),开心宝宝学音乐第一册(附教具),国美电器网上商城,新华文轩旗舰店
1025003001,出版物|音像|音乐,图书音像>影视/娱乐/音乐>京剧旦角唱腔教程,京剧旦角唱腔教程,国美电器网上商城,新华文轩旗舰店
1025003001,出版物|音像|音乐,图书音像>影视/娱乐/音乐>2009流行好歌大家唱,2009流行好歌大家唱,国美电器网上商城,新华文轩旗舰店
1025003001,出版物|音像|音乐,图书音像>影视/娱乐/音乐>中国近现代音乐史(1901-1949),中国近现代音乐史(1901-1949),国美电器网上商城,新华文轩旗舰店
1025003001,出版物|音像|音乐,图书音像>影视/娱乐/音乐>最易学的卡尔卡西古典吉他教程3,最易学的卡尔卡西古典吉他教程3,国美电器网上商城,新华文轩旗舰店
1025003001,出版物|音像|音乐,图书音像>影视/娱乐/音乐>歌曲写作教程(12)高职卷,歌曲写作教程(12)高职卷,国美电器网上商城,新华文轩旗舰店
1025003001,出版物|音像|音乐,图书音像>影视/娱乐/音乐>战争与电影:知觉的后勤学,战争与电影:知觉的后勤学,国美电器网上商城,新华文轩旗舰店
1025003001,出版物|音像|音乐,所有分类>图书杂志>音像制品>教育影视>亲子幼教/学前启蒙>点亮网>古典轻音乐怀孕准妈妈...,古典轻音乐怀孕准妈妈 现代胎教音乐4DVD-DDX孕产期必备指南,1号店,古典轻音乐怀孕准妈妈...
1025003001,出版物|音像|音乐,图书音像>影视/娱乐/音乐>黑暗中的舞者,黑暗中的舞者,国美电器网上商城,新华文轩旗舰店
1025003001,出版物|音像|音乐,图书音像>影视/娱乐/音乐>个性与共性:中美电影文化比较研,个性与共性:中美电影文化比较研,国美电器网上商城,新华文轩旗舰店
1025003001,出版物|音像|音乐,图书音像>影视/娱乐/音乐>这就是爵士:马萨利斯音乐自述,这就是爵士:马萨利斯音乐自述,国美电器网上商城,新华文轩旗舰店
1025003001,出版物|音像|音乐,所有分类>图书杂志>音像制品>教育影视>亲子幼教/学前启蒙>点亮网>正版启蒙早教音乐汽车...,正版启蒙早教音乐汽车3CD光碟 采蘑菇的小姑娘宝宝易学儿歌光盘,1号店,
1025003001,出版物|音像|音乐,图书音像>影视/娱乐/音乐>追寻快乐:战后韩国电影与社会文化,追寻快乐:战后韩国电影与社会文化,国美电器网上商城,新华文轩旗舰店
1025003001,出版物|音像|音乐,图书音像>影视/娱乐/音乐>杜琪峰与香港动作电影,杜琪峰与香港动作电影,国美电器网上商城,新华文轩旗舰店
1025003001,出版物|音像|音乐,图书音像>影视/娱乐/音乐>基础和声理论与分析教程,基础和声理论与分析教程,国美电器网上商城,新华文轩旗舰店
1025003001,出版物|音像|音乐,图书音像>影视/娱乐/音乐>近代筝曲集.创编篇(3)配CD1张,近代筝曲集.创编篇(3)配CD1张,国美电器网上商城,新华文轩旗舰店
1025003001,出版物|音像|音乐,图书音像>影视/娱乐/音乐>古筝曲集,古筝曲集,国美电器网上商城,新华文轩旗舰店
1025003001,出版物|音像|音乐,图书音像>影视/娱乐/音乐>纪录片创作论/现代传媒书系,纪录片创作论/现代传媒书系,国美电器网上商城,新华文轩旗舰店
1025003001,出版物|音像|音乐,图书音像>影视/娱乐/音乐>歌唱艺术,歌唱艺术,国美电器网上商城,新华文轩旗舰店
1025003001,出版物|音像|音乐,图书音像>影视/娱乐/音乐>中国京剧流派剧目集成 第玖集 平装,中国京剧流派剧目集成 第玖集 平装,国美电器网上商城,新华文轩旗舰店
1025003001,出版物|音像|音乐,图书音像>影视/娱乐/音乐>万世巨星——韦伯和他的音乐剧,万世巨星——韦伯和他的音乐剧,国美电器网上商城,
1025003001,出版物|音像|音乐,图书音像>影视/娱乐/音乐>神奇秘谱乐诠(附CD二张),神奇秘谱乐诠(附CD二张),国美电器网上商城,
1025003001,出版物|音像|音乐,图书音像>影视/娱乐/音乐>影视摄影艺术赏析,影视摄影艺术赏析,国美电器网上商城,
1025003001,出版物|音像|音乐,图书音像>影视/娱乐/音乐>简易少儿二胡教程(修订版),简易少儿二胡教程(修订版),国美电器网上商城,
1025003001,出版物|音像|音乐,图书音像>影视/娱乐/音乐>最易上手！长笛独奏超精选,最易上手！长笛独奏超精选,国美电器网上商城,
1025003001,出版物|音像|音乐,图书音像>影视/娱乐/音乐>吉他入门100问,吉他入门100问,国美电器网上商城,
1025003001,出版物|音像|音乐,图书音像>电影/电视艺术>不一样的烟火--张国荣音乐传奇,不一样的烟火--张国荣音乐传奇,国美电器网上商城,
1025003001,出版物|音像|音乐,图书音像>影视/娱乐/音乐>扬琴演奏教程(图解版),扬琴演奏教程(图解版),国美电器网上商城,
1025003001,出版物|音像|音乐,图书音像>影视/娱乐/音乐>联华公司:企业与影片/李璠玎,联华公司:企业与影片/李璠玎,国美电器网上商城,
1025003001,出版物|音像|音乐,图书音像>影视/娱乐/音乐>琵琶考级名家演奏与指导·1,琵琶考级名家演奏与指导·1,国美电器网上商城,影视/娱乐/音乐
1025003001,出版物|音像|音乐,图书音像>影视/娱乐/音乐>巴赫小前奏曲与赋格,巴赫小前奏曲与赋格,国美电器网上商城,
1025003001,出版物|音像|音乐,图书音像>影视/娱乐/音乐>音乐的读与写(教师用书),音乐的读与写(教师用书),国美电器网上商城,
1025003001,出版物|音像|音乐,图书音像>影视/娱乐/音乐>扮假作真的模仿:再现艺术基础,扮假作真的模仿:再现艺术基础,国美电器网上商城,
1025003001,出版物|音像|音乐,图书音像>影视/娱乐/音乐>合唱编配,合唱编配,国美电器网上商城,
1025003001,出版物|音像|音乐,图书音像>影视/娱乐/音乐>北欧抒情小题琴曲,北欧抒情小题琴曲,国美电器网上商城,影视/娱乐/音乐
1025003001,出版物|音像|音乐,图书音像>影视/娱乐/音乐>最新流行金曲吉他(2)（配光盘）,最新流行金曲吉他(2)（配光盘）,国美电器网上商城,
1025003001,出版物|音像|音乐,图书音像>影视/娱乐/音乐>全国成人声乐考级曲集(9-10级)(附MP32张),全国成人声乐考级曲集(9-10级)(附MP32张),国美电器网上商城,影视/娱乐/音乐
1025003001,出版物|音像|音乐,图书音像>影视/娱乐/音乐>难忘的岁月,难忘的岁月,国美电器网上商城,影视/娱乐/音乐
1025003001,出版物|音像|音乐,图书音像>影视/娱乐/音乐>西贝柳斯小提琴协奏曲(D小调),西贝柳斯小提琴协奏曲(D小调),国美电器网上商城,影视/娱乐/音乐
1025003001,出版物|音像|音乐,图书音像>影视/娱乐/音乐>中国音乐史/音乐考研,中国音乐史/音乐考研,国美电器网上商城,影视/娱乐/音乐
1025003001,出版物|音像|音乐,图书音像>影视/娱乐/音乐>组合打击乐(3)/现代化/约翰.奥莱克,组合打击乐(3)/现代化/约翰.奥莱克,国美电器网上商城,影视/娱乐/音乐
1025003001,出版物|音像|音乐,图书音像>影视/娱乐/音乐>越剧唱腔赏析,越剧唱腔赏析,国美电器网上商城,影视/娱乐/音乐
1025003001,出版物|音像|音乐,图书音像>影视/娱乐/音乐>最新流行歌曲精选/孙鹏,最新流行歌曲精选/孙鹏,国美电器网上商城,影视/娱乐/音乐
1025003001,出版物|音像|音乐,图书音像>影视/娱乐/音乐>合唱练习曲(简谱版),合唱练习曲(简谱版),国美电器网上商城,影视/娱乐/音乐
1025003001,出版物|音像|音乐,图书音像>音乐>杨马转中国少数民族器乐曲选/新世纪民族音乐创新教育丛书,杨马转中国少数民族器乐曲选/新世纪民族音乐创新教育丛书,国美电器网上商城,音乐
1025003001,出版物|音像|音乐,图书音像>音乐>影视红歌(1),影视红歌(1),国美电器网上商城,音乐
1025003001,出版物|音像|音乐,图书音像>电影/电视艺术>经典音乐剧唱段解读(附光盘女声部上下上海戏剧学院规划教材,经典音乐剧唱段解读(附光盘女声部上下上海戏剧学院规划教材,国美电器网上商城,电影/电视艺术
1025003001,出版物|音像|音乐,图书音像>音乐>电视剧音乐叙事研究,电视剧音乐叙事研究,国美电器网上商城,音乐
1025003001,出版物|音像|音乐,图书音像>影视/娱乐/音乐>蒙古族长调民歌,蒙古族长调民歌,国美电器网上商城,影视/娱乐/音乐
1025003001,出版物|音像|音乐,图书音像>影视/娱乐/音乐>K歌之王,K歌之王,国美电器网上商城,影视/娱乐/音乐
1025003001,出版物|音像|音乐,图书音像>影视/娱乐/音乐>中国笙艺术,中国笙艺术,国美电器网上商城,影视/娱乐/音乐
1025003001,出版物|音像|音乐,图书音像>影视/娱乐/音乐>七一颂歌(修订本),七一颂歌(修订本),国美电器网上商城,影视/娱乐/音乐
1025003001,出版物|音像|音乐,图书音像>影视/娱乐/音乐>映山红:经典歌曲合唱新编,映山红:经典歌曲合唱新编,国美电器网上商城,
1025003001,出版物|音像|音乐,图书音像>影视/娱乐/音乐>音乐能力测量:乐理与视唱练耳试卷集,音乐能力测量:乐理与视唱练耳试卷集,国美电器网上商城,
1025003001,出版物|音像|音乐,图书音像>影视/娱乐/音乐>幻想曲总谱(19),幻想曲总谱(19),国美电器网上商城,
1025003001,出版物|音像|音乐,图书音像>影视/娱乐/音乐>中国传统音乐研究,中国传统音乐研究,国美电器网上商城,
1025003001,出版物|音像|音乐,图书音像>影视/娱乐/音乐>舞与神的身体对话(上、下)　,舞与神的身体对话(上、下)　,国美电器网上商城,
1025003001,出版物|音像|音乐,图书音像>影视/娱乐/音乐>中国寓言名家名作/国王的神酒,中国寓言名家名作/国王的神酒,国美电器网上商城,
1025003001,出版物|音像|音乐,图书音像>影视/娱乐/音乐>打开京剧之门,打开京剧之门,国美电器网上商城,
1025003001,出版物|音像|音乐,图书音像>影视/娱乐/音乐>中国舞等级考试教材 第十一级(青年),中国舞等级考试教材 第十一级(青年),国美电器网上商城,
1025003001,出版物|音像|音乐,图书音像>影视/娱乐/音乐>摇滚吉他大师2-1,摇滚吉他大师2-1,国美电器网上商城,
1025003001,出版物|音像|音乐,图书音像>影视/娱乐/音乐>风光:在奥斯卡的另一边,风光:在奥斯卡的另一边,国美电器网上商城,
1025003001,出版物|音像|音乐,图书音像>影视/娱乐/音乐>音乐教育学与音乐社会学,音乐教育学与音乐社会学,国美电器网上商城,
1025003001,出版物|音像|音乐,图书音像>影视/娱乐/音乐>独立戏剧:上海1985-2007,独立戏剧:上海1985-2007,国美电器网上商城,
1025003001,出版物|音像|音乐,图书音像>影视/娱乐/音乐>京剧盔头与彩塑脸谱制作技法,京剧盔头与彩塑脸谱制作技法,国美电器网上商城,
1025003001,出版物|音像|音乐,图书音像>影视/娱乐/音乐>中国音乐文化简史--文化简史--文史中国,中国音乐文化简史--文化简史--文史中国,国美电器网上商城,
1025003001,出版物|音像|音乐,图书音像>影视/娱乐/音乐>电影:50位最有影响力的世界电影大师,电影:50位最有影响力的世界电影大师,国美电器网上商城,
1025003001,出版物|音像|音乐,图书音像>影视/娱乐/音乐>视唱练耳基础训练与应试指导,视唱练耳基础训练与应试指导,国美电器网上商城,
1025003001,出版物|音像|音乐,图书音像>影视/娱乐/音乐>晚清演剧研究,晚清演剧研究,国美电器网上商城,
1025003001,出版物|音像|音乐,所有分类>图书杂志>音像制品>教育影视>亲子幼教/学前启蒙>点亮网>孕妇 轻音乐胎教 怀...,孕妇 轻音乐胎教 怀孕 准妈妈必读,1号店,
1025003001,出版物|音像|音乐,所有分类>图书杂志>音像制品>教育影视>亲子幼教/学前启蒙>点亮网>宝宝3Q胎教音乐早教...,宝宝3Q胎教音乐早教 CD-XED 车载汽车CD孕产期必备指南,1号店,
1025003001,出版物|音像|音乐,图书音像>影视/娱乐/音乐>广播影视艺考一本通,广播影视艺考一本通,国美电器网上商城,
1025003001,出版物|音像|音乐,图书音像>影视/娱乐/音乐>吉他原声再现 经典流行歌曲吉他弹唱(附MP31张),吉他原声再现 经典流行歌曲吉他弹唱(附MP31张),国美电器网上商城,
1025003001,出版物|音像|音乐,图书音像>影视/娱乐/音乐>领弦吉他-跟着伴奏学指弹,领弦吉他-跟着伴奏学指弹,国美电器网上商城,
1025003001,出版物|音像|音乐,图书音像>影视/娱乐/音乐>影响红歌.1,影响红歌.1,国美电器网上商城,
1025003001,出版物|音像|音乐,图书音像>影视/娱乐/音乐>逐帧制作定格动画,逐帧制作定格动画,国美电器网上商城,
1025003001,出版物|音像|音乐,图书音像>影视/娱乐/音乐>中国古典戏曲剧目导读(2),中国古典戏曲剧目导读(2),国美电器网上商城,影视/娱乐/音乐
1025003001,出版物|音像|音乐,图书音像>影视/娱乐/音乐>上海音乐学院音乐学系建系三十周年教师文集(上下册),上海音乐学院音乐学系建系三十周年教师文集(上下册),国美电器网上商城,影视/娱乐/音乐
1025003001,出版物|音像|音乐,图书音像>影视/娱乐/音乐>大提琴/奥托卡.舍夫契克-为音乐表达而作的实用弓法联系作品3号,大提琴/奥托卡.舍夫契克-为音乐表达而作的实用弓法联系作品3号,国美电器网上商城,影视/娱乐/音乐
1025003001,出版物|音像|音乐,图书音像>影视/娱乐/音乐>中国古代音乐史研究备览,中国古代音乐史研究备览,国美电器网上商城,影视/娱乐/音乐
1025003001,出版物|音像|音乐,图书音像>影视/娱乐/音乐>戏剧影视文学与文化产业管理,戏剧影视文学与文化产业管理,国美电器网上商城,影视/娱乐/音乐
1025003001,出版物|音像|音乐,图书音像>影视/娱乐/音乐>革命样板戏:1960年代的红色歌剧,革命样板戏:1960年代的红色歌剧,国美电器网上商城,影视/娱乐/音乐
1025003001,出版物|音像|音乐,图书音像>影视/娱乐/音乐>葫芦丝.巴乌入门实用教程,葫芦丝.巴乌入门实用教程,国美电器网上商城,影视/娱乐/音乐
1025003001,出版物|音像|音乐,图书音像>影视/娱乐/音乐>吉他潮志.第2季,吉他潮志.第2季,国美电器网上商城,影视/娱乐/音乐
1025003001,出版物|音像|音乐,图书音像>影视/娱乐/音乐>大管(3)/现代化/约翰.奥莱克,大管(3)/现代化/约翰.奥莱克,国美电器网上商城,影视/娱乐/音乐
1025003001,出版物|音像|音乐,图书音像>影视/娱乐/音乐>节奏练习册(1)/动手动脑学音乐null,节奏练习册(1)/动手动脑学音乐null,国美电器网上商城,影视/娱乐/音乐
1025003001,出版物|音像|音乐,图书音像>影视/娱乐/音乐>借问桃花源/周游null,借问桃花源/周游null,国美电器网上商城,影视/娱乐/音乐
1025003001,出版物|音像|音乐,图书音像>影视/娱乐/音乐>流行音乐演唱教程:英语流行歌曲选(女生篇),流行音乐演唱教程:英语流行歌曲选(女生篇),国美电器网上商城,影视/娱乐/音乐
1025003001,出版物|音像|音乐,图书音像>影视/娱乐/音乐>罗家宝粤曲集(下集),罗家宝粤曲集(下集),国美电器网上商城,影视/娱乐/音乐
1025003001,出版物|音像|音乐,图书音像>影视/娱乐/音乐>香港电影跨文化观(增订版),香港电影跨文化观(增订版),国美电器网上商城,影视/娱乐/音乐
1025003001,出版物|音像|音乐,图书音像>影视/娱乐/音乐>中国舞少年儿童考级教程豆蔻段(8级至10级)null,中国舞少年儿童考级教程豆蔻段(8级至10级)null,国美电器网上商城,影视/娱乐/音乐
1025003001,出版物|音像|音乐,图书音像>影视/娱乐/音乐>爵士鼓初级教程null,爵士鼓初级教程null,国美电器网上商城,影视/娱乐/音乐
1025003001,出版物|音像|音乐,图书音像>影视/娱乐/音乐>大音(第三卷),大音(第三卷),国美电器网上商城,影视/娱乐/音乐
1025003001,出版物|音像|音乐,图书音像>影视/娱乐/音乐>读电影 中国电影精品赏析(1980年后),读电影 中国电影精品赏析(1980年后),国美电器网上商城,影视/娱乐/音乐
1025003001,出版物|音像|音乐,图书音像>影视/娱乐/音乐>声乐教学曲选(2)高级,声乐教学曲选(2)高级,国美电器网上商城,影视/娱乐/音乐
1025003001,出版物|音像|音乐,图书音像>影视/娱乐/音乐>发现与启示漫话舞剧与舞蹈,发现与启示漫话舞剧与舞蹈,国美电器网上商城,影视/娱乐/音乐
1025003001,出版物|音像|音乐,图书音像>影视/娱乐/音乐>最易上手流行钢琴曲,最易上手流行钢琴曲,国美电器网上商城,影视/娱乐/音乐
1025003001,出版物|音像|音乐,教育音像?>?管理培训?>?四大名著?少儿版?12CD?1CD?古典音乐?4本全彩图文画册?货到付款?...,四大名著 少儿版 12CD 1CD 古典音乐 4本全彩图文画册 货到付款 原装正版,当当网,无
1025003001,出版物|音像|音乐,教育音像?>?管理培训?>?初中音乐教学欣赏曲库?25CD光盘?包邮?货到付款?原装正版,初中音乐教学欣赏曲库 25CD光盘 包邮 货到付款 原装正版,当当网,无
1025003001,出版物|音像|音乐,教育音像?>?管理培训?>?流行音乐?音乐?林俊杰因你而在专辑CD+歌词?视频讲座?包邮?可货到...,流行音乐 音乐 林俊杰因你而在专辑CD+歌词 视频讲座 包邮 可货到付款 原装正版,当当网,无
1025003001,出版物|音像|音乐,教育音像?>?管理培训?>?宝宝音乐大全?10CD?培训光盘?包邮?货到付款?原装正版,宝宝音乐大全 10CD 培训光盘 包邮 货到付款 原装正版,当当网,无
1025003001,出版物|音像|音乐,教育音像?>?管理培训?>?包邮！带票！赵世民音乐鉴赏与养生6VCD管理培训光盘光碟,包邮！带票！赵世民音乐鉴赏与养生6VCD管理培训光盘光碟,当当网,无
1025003001,出版物|音像|音乐,教育音像?>?管理培训?>?新课标小学音乐教学法?6VCD?培训光盘?包邮?货到付款?原装正版,新课标小学音乐教学法 6VCD 培训光盘 包邮 货到付款 原装正版,当当网,无
1025003001,出版物|音像|音乐,教育音像?>?少儿益智启蒙?>?正版幼儿早教儿童音乐卡通动画数鸭子3DVD光盘?开心果婴幼儿光盘,正版幼儿早教儿童音乐卡通动画数鸭子3DVD光盘 开心果婴幼儿光盘,当当网,无
1025003001,出版物|音像|音乐,教育音像?>?管理培训?>?胎教音乐（6CD）培训光盘视频讲座?包邮?可货到付款?原装正版,胎教音乐（6CD）培训光盘视频讲座 包邮 可货到付款 原装正版,当当网,无
1025003001,出版物|音像|音乐,教育音像?>?管理培训?>?古典音乐大系50CD?精品礼品装?经典回响绝版珍藏,古典音乐大系50CD 精品礼品装 经典回响绝版珍藏,当当网,无
1025003001,出版物|音像|音乐,教育音像?>?少儿益智启蒙?>?正版?爱和乐?全能全脑育音乐车载6CD?幼儿胎教经典歌曲光盘,正版 爱和乐 全能全脑育音乐车载6CD 幼儿胎教经典歌曲光盘,当当网,无
1025003001,出版物|音像|音乐,红孩子图书音像制品胎教音乐越听越聪明--胎教背景音乐(10CD),越听越聪明--胎教背景音乐(10CD) ,红孩子,
1025003001,出版物|音像|音乐,所有分类>图书杂志>音像制品>音乐>轻音乐>图书>居家自助SPA音乐系列：按摩呵护篇 CD,居家自助SPA音乐系列：按摩呵护篇 CD,1号店,图书
1025003001,出版物|音像|音乐,所有分类>图书杂志>音像制品>音乐>轻音乐>图书>古典盛宴(黑胶42C...,古典盛宴(黑胶42CD),1号店,图书
1025003001,出版物|音像|音乐,图书杂志>音像制品>音乐>轻音乐>图书,进口版班得瑞:雾色山脉 CD,1号店,图书
1025003001,出版物|音像|音乐,图书杂志>音像制品>音乐>儿童音乐>图书,小小音乐世界—智能篇 2CD附书,1号店,图书
1025003001,出版物|音像|音乐,图书杂志>音像制品>音乐>轻音乐>图书,班得瑞精品(4CD)套装.3 ,1号店,图书
1025003001,出版物|音像|音乐,图书杂志>音像制品>音乐>轻音乐>图书,《快乐唱英文》8CD套装 ,1号店,图书
1025003001,出版物|音像|音乐,文轩网 > 音像 > 音乐 > 流行音乐 > 欧美歌曲CD,(1CD)亚历山大.塔霍-"爱"电影原声大碟 ,文轩网,
1025003001,出版物|音像|音乐,影视 > 教育培训 > 教学辅导 教育音像 > 中小学教辅 > 教师培训与教学管理 教育音像 > 经营培训 > 行业培训 教育音像 > 音乐 > 器乐,宋飞第四二胡协奏曲教学:爱恨情仇(DVD+CD 附配谱),亚马逊(卓越网),北京电影学院音像出版社
1025003001,出版物|音像|音乐,图书音像>影视/娱乐/音乐>高考音乐强化训练：基本乐理卷(,高考音乐强化训练：基本乐理卷(,国美电器网上商城,新华文轩旗舰店
1025003001,出版物|音像|音乐,图书音像>影视/娱乐/音乐>植物之美,植物之美,国美电器网上商城,新华文轩旗舰店
1025003001,出版物|音像|音乐,图书音像>影视/娱乐/音乐>快乐长笛教程(2),快乐长笛教程(2),国美电器网上商城,新华文轩旗舰店
1025003001,出版物|音像|音乐,所有分类>图书杂志>音像制品>音乐>轻音乐>图书>心灵美疗之音乐处方—『呼吸』 CD 轻音乐 纯音乐 舒压,心灵美疗之音乐处方—『呼吸』 CD 轻音乐 纯音乐 舒压,1号店,图书
1025003001,出版物|音像|音乐,图书音像>影视/娱乐/音乐>简谱入门,简谱入门,国美电器网上商城,新华文轩旗舰店
1025003001,出版物|音像|音乐,图书音像>影视/娱乐/音乐>中国小提琴作品集（12）,中国小提琴作品集（12）,国美电器网上商城,新华文轩旗舰店
1025003001,出版物|音像|音乐,图书音像>影视/娱乐/音乐>直播幕后:电视突发直播一线手记,直播幕后:电视突发直播一线手记,国美电器网上商城,新华文轩旗舰店
1025003001,出版物|音像|音乐,图书音像>影视/娱乐/音乐>好一朵茉莉花-中国民歌歌典,好一朵茉莉花-中国民歌歌典,国美电器网上商城,新华文轩旗舰店
1025003001,出版物|音像|音乐,图书音像>影视/娱乐/音乐>小提琴弓法训练,小提琴弓法训练,国美电器网上商城,新华文轩旗舰店
1025003001,出版物|音像|音乐,图书音像>影视/娱乐/音乐>中老年喜爱的歌,中老年喜爱的歌,国美电器网上商城,新华文轩旗舰店
1025003001,出版物|音像|音乐,图书音像>影视/娱乐/音乐>中国新疆维吾尔木卡姆艺术乐器图,中国新疆维吾尔木卡姆艺术乐器图,国美电器网上商城,新华文轩旗舰店
1025003001,出版物|音像|音乐,图书音像>影视/娱乐/音乐>怎样唱好流行歌曲,怎样唱好流行歌曲,国美电器网上商城,新华文轩旗舰店
1025003001,出版物|音像|音乐,图书音像>影视/娱乐/音乐>车尔尼小小钢琴家:作品823,车尔尼小小钢琴家:作品823,国美电器网上商城,新华文轩旗舰店
1025003001,出版物|音像|音乐,图书音像>影视/娱乐/音乐>小钢琴家手册,小钢琴家手册,国美电器网上商城,新华文轩旗舰店
1025003001,出版物|音像|音乐,图书音像>影视/娱乐/音乐>世界电影艺术发展史课程,世界电影艺术发展史课程,国美电器网上商城,新华文轩旗舰店
1025003001,出版物|音像|音乐,图书音像>影视/娱乐/音乐>电影美学与心理学/经典影像丛书,电影美学与心理学/经典影像丛书,国美电器网上商城,新华文轩旗舰店
1025003001,出版物|音像|音乐,图书音像>影视/娱乐/音乐>小主持人训练教程,小主持人训练教程,国美电器网上商城,新华文轩旗舰店
1025003001,出版物|音像|音乐,图书音像>影视/娱乐/音乐>弗拉门哥吉他,弗拉门哥吉他,国美电器网上商城,新华文轩旗舰店
1025003001,出版物|音像|音乐,图书音像>影视/娱乐/音乐>少儿舞蹈考级教材2:5-8级(1CD),少儿舞蹈考级教材2:5-8级(1CD),国美电器网上商城,新华文轩旗舰店
1025003001,出版物|音像|音乐,图书音像>影视/娱乐/音乐>图说世界音乐,图说世界音乐,国美电器网上商城,新华文轩旗舰店
1025003001,出版物|音像|音乐,图书音像>影视/娱乐/音乐>光影世界/电影摄影创作,光影世界/电影摄影创作,国美电器网上商城,新华文轩旗舰店
1025003001,出版物|音像|音乐,图书音像>影视/娱乐/音乐>轻松自学口琴(附光盘),轻松自学口琴(附光盘),国美电器网上商城,影视/娱乐/音乐
1025003001,出版物|音像|音乐,图书音像>影视/娱乐/音乐>银幕再现:与中国当代电影录音师,银幕再现:与中国当代电影录音师,国美电器网上商城,新华文轩旗舰店
1025003001,出版物|音像|音乐,所有分类>图书杂志>音像制品>音乐>轻音乐>图书>【风潮音乐】佛教音乐...,【风潮音乐】佛教音乐系列6——梵音心经 经典佛乐梵文唱诵,1号店,图书
1025003001,出版物|音像|音乐,所有分类>图书杂志>音像制品>音乐>轻音乐>图书>【风潮音乐】东方的天...,【风潮音乐】东方的天使之音3—山上的孩子-最佳儿童乐,1号店,图书
1025003001,出版物|音像|音乐,所有分类>图书杂志>音像制品>音乐>轻音乐>图书>【风潮音乐】佛教音乐...,【风潮音乐】佛教音乐系列11—金刚经(CD)消灾祈福净化心灵,1号店,图书
1025003001,出版物|音像|音乐,所有分类>图书杂志>音像制品>音乐>轻音乐>图书>【风潮音乐】西藏大峡...,【风潮音乐】西藏大峡谷（CD）轻音乐 民族特色当地音乐,1号店,图书
1025003001,出版物|音像|音乐,所有分类>图书杂志>音像制品>音乐>轻音乐>图书>【风潮音乐】夜的精灵...,【风潮音乐】夜的精灵（2CD） 轻音乐 夜晚大自然音乐专辑,1号店,图书
1025003001,出版物|音像|音乐,所有分类>图书杂志>音像制品>音乐>轻音乐>图书>【预售】名家钢琴师（...,【预售】名家钢琴师（The Piano）8CD超值套装即将上市！,1号店,图书
1025003001,出版物|音像|音乐,所有分类>图书杂志>音像制品>音乐>轻音乐>图书>凯文柯恩典藏集2 极...,凯文柯恩典藏集2 极致鉴赏3CD之珍爱今生,1号店,图书
1025003001,出版物|音像|音乐,图书音像>影视/娱乐/音乐>2009流行歌曲精选,2009流行歌曲精选,国美电器网上商城,影视/娱乐/音乐
1025003001,出版物|音像|音乐,图书音像>影视/娱乐/音乐>走进音乐殿堂：视唱练耳与声乐器乐卷、基本乐理与音乐常识卷（全,走进音乐殿堂：视唱练耳与声乐器乐卷、基本乐理与音乐常识卷（全,国美电器网上商城,新华文轩旗舰店
1025003001,出版物|音像|音乐,图书音像>影视/娱乐/音乐>校园合唱歌曲100首,校园合唱歌曲100首,国美电器网上商城,影视/娱乐/音乐
1025003001,出版物|音像|音乐,图书音像>影视/娱乐/音乐>弹钢琴、学作曲(第1册),弹钢琴、学作曲(第1册),国美电器网上商城,影视/娱乐/音乐
1025003001,出版物|音像|音乐,图书音像>影视/娱乐/音乐>巴赫6首无伴奏大提琴组曲(BWV100,巴赫6首无伴奏大提琴组曲(BWV100,国美电器网上商城,新华文轩旗舰店
1025003001,出版物|音像|音乐,图书音像>影视/娱乐/音乐>电影学导论(第二版),电影学导论(第二版),国美电器网上商城,影视/娱乐/音乐
1025003001,出版物|音像|音乐,图书音像>影视/娱乐/音乐>流行歌曲500首,流行歌曲500首,国美电器网上商城,影视/娱乐/音乐
1025003001,出版物|音像|音乐,图书音像>影视/娱乐/音乐>舞蹈的基本训练:舞蹈知识丛书,舞蹈的基本训练:舞蹈知识丛书,国美电器网上商城,影视/娱乐/音乐
1025003001,出版物|音像|音乐,图书音像>影视/娱乐/音乐>高考广播影视强化训练·影视表演,高考广播影视强化训练·影视表演,国美电器网上商城,新华文轩旗舰店
1025003001,出版物|音像|音乐,图书音像>影视/娱乐/音乐>爵士鼓演奏技巧训练,爵士鼓演奏技巧训练,国美电器网上商城,新华文轩旗舰店
1025003001,出版物|音像|音乐,图书音像>影视/娱乐/音乐>愁空山/竹笛与管弦乐队协奏曲,愁空山/竹笛与管弦乐队协奏曲,国美电器网上商城,影视/娱乐/音乐
1025003001,出版物|音像|音乐,图书音像>影视/娱乐/音乐>与名师同行第二辑,与名师同行第二辑,国美电器网上商城,新华文轩旗舰店
1025003001,出版物|音像|音乐,图书音像>影视/娱乐/音乐>中国电影的史学建构,中国电影的史学建构,国美电器网上商城,新华文轩旗舰店
1025003001,出版物|音像|音乐,图书音像>影视/娱乐/音乐>莫扎特的成败,莫扎特的成败,国美电器网上商城,新华文轩旗舰店
1025003001,出版物|音像|音乐,图书音像>影视/娱乐/音乐>李重光:怎样读五线谱,李重光:怎样读五线谱,国美电器网上商城,新华文轩旗舰店
1025003001,出版物|音像|音乐,图书音像>影视/娱乐/音乐>靠谱.老歌：ipad伴我歌唱,靠谱.老歌：ipad伴我歌唱,国美电器网上商城,新华文轩旗舰店
1025003001,出版物|音像|音乐,图书音像>影视/娱乐/音乐>新编主持人话题宝典,新编主持人话题宝典,国美电器网上商城,新华文轩旗舰店
1025003001,出版物|音像|音乐,图书音像>影视/娱乐/音乐>西方音乐通史(修订本),西方音乐通史(修订本),国美电器网上商城,新华文轩旗舰店
1025003001,出版物|音像|音乐,图书音像>影视/娱乐/音乐>简谱基本乐理视唱练耳基础教程,简谱基本乐理视唱练耳基础教程,国美电器网上商城,新华文轩旗舰店
1025003001,出版物|音像|音乐,图书音像>影视/娱乐/音乐>影视剪辑编辑艺术(修订版),影视剪辑编辑艺术(修订版),国美电器网上商城,新华文轩旗舰店
1025003001,出版物|音像|音乐,图书音像>影视/娱乐/音乐>舞蹈艺术概论(修订版),舞蹈艺术概论(修订版),国美电器网上商城,新华文轩旗舰店
1025003001,出版物|音像|音乐,图书音像>影视/娱乐/音乐>全国艺术高校视唱练耳&乐理试题大赛获奖作品汇编——乐理卷,全国艺术高校视唱练耳&乐理试题大赛获奖作品汇编——乐理卷,国美电器网上商城,新华文轩旗舰店
1025003001,出版物|音像|音乐,图书音像>影视/娱乐/音乐>电影艺术:形式与风格(插图第8版),电影艺术:形式与风格(插图第8版),国美电器网上商城,新华文轩旗舰店
1025003001,出版物|音像|音乐,图书音像>影视/娱乐/音乐>精装典藏书架——音乐的故事,精装典藏书架——音乐的故事,国美电器网上商城,新华文轩旗舰店
1025003001,出版物|音像|音乐,图书音像>影视/娱乐/音乐>当代电影理论新走向,当代电影理论新走向,国美电器网上商城,新华文轩旗舰店
1025003001,出版物|音像|音乐,图书音像>影视/娱乐/音乐>从零起步学口琴,从零起步学口琴,国美电器网上商城,新华文轩旗舰店
1025003001,出版物|音像|音乐,图书音像>影视/娱乐/音乐>只爱陌生人,只爱陌生人,国美电器网上商城,新华文轩旗舰店
1025003001,出版物|音像|音乐,图书音像>影视/娱乐/音乐>青少年民乐队训练速成·琵琶,青少年民乐队训练速成·琵琶,国美电器网上商城,新华文轩旗舰店
1025003001,出版物|音像|音乐,图书音像>影视/娱乐/音乐>最美的传奇,最美的传奇,国美电器网上商城,新华文轩旗舰店
1025003001,出版物|音像|音乐,图书音像>影视/娱乐/音乐>简易爵士风特辑:世界经典流行音乐改编的爵士风格钢琴曲:流钢新世,简易爵士风特辑:世界经典流行音乐改编的爵士风格钢琴曲:流钢新世,国美电器网上商城,新华文轩旗舰店
1025003001,出版物|音像|音乐,图书音像>影视/娱乐/音乐>爱你一万年-刘德华歌曲精选,爱你一万年-刘德华歌曲精选,国美电器网上商城,新华文轩旗舰店
1025003001,出版物|音像|音乐,图书音像>影视/娱乐/音乐>电视摄像技术,电视摄像技术,国美电器网上商城,新华文轩旗舰店
1025003001,出版物|音像|音乐,图书音像>影视/娱乐/音乐>新编初学小提琴100天,新编初学小提琴100天,国美电器网上商城,新华文轩旗舰店
1025003001,出版物|音像|音乐,图书音像>影视/娱乐/音乐>中华戏曲:京剧,中华戏曲:京剧,国美电器网上商城,影视/娱乐/音乐
1025003001,出版物|音像|音乐,图书音像>影视/娱乐/音乐>浪漫满屋/韩国影视金曲改编的钢琴曲(含光盘),浪漫满屋/韩国影视金曲改编的钢琴曲(含光盘),国美电器网上商城,新华文轩旗舰店
1025003001,出版物|音像|音乐,图书音像>影视/娱乐/音乐>长笛独奏世界浪漫名曲(简易版),长笛独奏世界浪漫名曲(简易版),国美电器网上商城,新华文轩旗舰店
1025003001,出版物|音像|音乐,图书音像>影视/娱乐/音乐>音乐与社会学观察,音乐与社会学观察,国美电器网上商城,新华文轩旗舰店
1025003001,出版物|音像|音乐,图书音像>影视/娱乐/音乐>电影摄影照明技巧教程(插图版),电影摄影照明技巧教程(插图版),国美电器网上商城,影视/娱乐/音乐
1025003001,出版物|音像|音乐,图书音像>影视/娱乐/音乐>隋唐音乐及其周边：王小盾音乐学术文集,隋唐音乐及其周边：王小盾音乐学术文集,国美电器网上商城,新华文轩旗舰店
1025003001,出版物|音像|音乐,图书音像>影视/娱乐/音乐>全国,全国,国美电器网上商城,新华文轩旗舰店
1025003001,出版物|音像|音乐,图书音像>影视/娱乐/音乐>声乐教学曲选(1)高级,声乐教学曲选(1)高级,国美电器网上商城,新华文轩旗舰店
1025003001,出版物|音像|音乐,图书音像>影视/娱乐/音乐>重金属主奏吉他教程,重金属主奏吉他教程,国美电器网上商城,新华文轩旗舰店
1025003001,出版物|音像|音乐,图书音像>影视/娱乐/音乐>影视语言,影视语言,国美电器网上商城,新华文轩旗舰店
1025003001,出版物|音像|音乐,图书音像>影视/娱乐/音乐>莫扎特艺术歌曲44首,莫扎特艺术歌曲44首,国美电器网上商城,新华文轩旗舰店
1025003001,出版物|音像|音乐,图书音像>影视/娱乐/音乐>乐队总谱及教师用书(2),乐队总谱及教师用书(2),国美电器网上商城,新华文轩旗舰店
1025003001,出版物|音像|音乐,图书音像>影视/娱乐/音乐>文人.诗学.武术,文人.诗学.武术,国美电器网上商城,新华文轩旗舰店
1025003001,出版物|音像|音乐,图书音像>影视/娱乐/音乐>舒曼 黄金版,舒曼 黄金版,国美电器网上商城,新华文轩旗舰店
1025003001,出版物|音像|音乐,图书音像>影视/娱乐/音乐>KTV点唱机,KTV点唱机,国美电器网上商城,新华文轩旗舰店
1025003001,出版物|音像|音乐,图书音像>影视/娱乐/音乐>多声部视唱教程108首,多声部视唱教程108首,国美电器网上商城,新华文轩旗舰店
1025003001,出版物|音像|音乐,图书音像>影视/娱乐/音乐>小军鼓培训标准教程,小军鼓培训标准教程,国美电器网上商城,新华文轩旗舰店
1025003001,出版物|音像|音乐,图书音像>影视/娱乐/音乐>诗经与楚辞音乐研究,诗经与楚辞音乐研究,国美电器网上商城,新华文轩旗舰店
1025003001,出版物|音像|音乐,图书音像>影视/娱乐/音乐>胡桃夹子:钢琴演奏小品,胡桃夹子:钢琴演奏小品,国美电器网上商城,新华文轩旗舰店
1025003001,出版物|音像|音乐,图书音像>影视/娱乐/音乐>20世纪著名歌唱家,20世纪著名歌唱家,国美电器网上商城,新华文轩旗舰店
1025003001,出版物|音像|音乐,图书音像>影视/娱乐/音乐>音乐批评学,音乐批评学,国美电器网上商城,新华文轩旗舰店
1025003001,出版物|音像|音乐,图书音像>影视/娱乐/音乐>罗西尼艺术歌曲选(意大利歌剧大师艺术歌曲系列),罗西尼艺术歌曲选(意大利歌剧大师艺术歌曲系列),国美电器网上商城,新华文轩旗舰店
1025003001,出版物|音像|音乐,图书音像>影视/娱乐/音乐>红色歌谣,红色歌谣,国美电器网上商城,新华文轩旗舰店
1025003001,出版物|音像|音乐,图书音像>影视/娱乐/音乐>中国作品小提琴教程.与铃木同步学习,中国作品小提琴教程.与铃木同步学习,国美电器网上商城,新华文轩旗舰店
1025003001,出版物|音像|音乐,图书音像>影视/娱乐/音乐>数字影视后期合成项目教程,数字影视后期合成项目教程,国美电器网上商城,新华文轩旗舰店
1025003001,出版物|音像|音乐,图书音像>影视/娱乐/音乐>音乐教学系统设计,音乐教学系统设计,国美电器网上商城,新华文轩旗舰店
1025003001,出版物|音像|音乐,图书音像>影视/娱乐/音乐>春江花月夜,春江花月夜,国美电器网上商城,新华文轩旗舰店
1025003001,出版物|音像|音乐,图书音像>影视/娱乐/音乐>银幕造型:与中国当代电影美术师对话,银幕造型:与中国当代电影美术师对话,国美电器网上商城,新华文轩旗舰店
1025003001,出版物|音像|音乐,图书音像>影视/娱乐/音乐>英国皇家舞蹈学院舞蹈等级考试与展示课程(2级 含DVD CD),英国皇家舞蹈学院舞蹈等级考试与展示课程(2级 含DVD CD),国美电器网上商城,新华文轩旗舰店
1025003001,出版物|音像|音乐,图书音像>影视/娱乐/音乐>后六十种曲,后六十种曲,国美电器网上商城,影视/娱乐/音乐
1025003001,出版物|音像|音乐,图书音像>影视/娱乐/音乐>萨克斯管每日练习,萨克斯管每日练习,国美电器网上商城,新华文轩旗舰店
1025003001,出版物|音像|音乐,图书音像>影视/娱乐/音乐>世界成长电影,世界成长电影,国美电器网上商城,新华文轩旗舰店
1025003001,出版物|音像|音乐,图书音像>影视/娱乐/音乐>影艺的政治:民国电影检查制度研究,影艺的政治:民国电影检查制度研究,国美电器网上商城,新华文轩旗舰店
1025003001,出版物|音像|音乐,图书音像>影视/娱乐/音乐>诗画乐的融通,诗画乐的融通,国美电器网上商城,新华文轩旗舰店
1025003001,出版物|音像|音乐,图书音像>影视/娱乐/音乐>童声合唱,童声合唱,国美电器网上商城,新华文轩旗舰店
1025003001,出版物|音像|音乐,图书音像>影视/娱乐/音乐>小提琴音阶训练教程(中高级.第一分册),小提琴音阶训练教程(中高级.第一分册),国美电器网上商城,新华文轩旗舰店
1025003001,出版物|音像|音乐,图书音像>影视/娱乐/音乐>浅绛彩瓷名录速查手册,浅绛彩瓷名录速查手册,国美电器网上商城,新华文轩旗舰店
1025003001,出版物|音像|音乐,图书音像>影视/娱乐/音乐>俄罗斯艺术歌曲选,俄罗斯艺术歌曲选,国美电器网上商城,新华文轩旗舰店
1025003001,出版物|音像|音乐,图书音像>影视/娱乐/音乐>视唱练耳高考速成宝典,视唱练耳高考速成宝典,国美电器网上商城,新华文轩旗舰店
1025003001,出版物|音像|音乐,图书音像>影视/娱乐/音乐>小提琴八度双音练习法,小提琴八度双音练习法,国美电器网上商城,新华文轩旗舰店
1025003001,出版物|音像|音乐,图书音像>影视/娱乐/音乐>电影叙事范式与文化语境,电影叙事范式与文化语境,国美电器网上商城,新华文轩旗舰店
1025003001,出版物|音像|音乐,图书音像>影视/娱乐/音乐>视唱练耳分级教材(4级 ),视唱练耳分级教材(4级 ),国美电器网上商城,新华文轩旗舰店
1025003001,出版物|音像|音乐,图书音像>影视/娱乐/音乐>文化经纪人概论,文化经纪人概论,国美电器网上商城,新华文轩旗舰店
1025003001,出版物|音像|音乐,图书音像>影视/娱乐/音乐>手风琴演奏与技法分析,手风琴演奏与技法分析,国美电器网上商城,新华文轩旗舰店
1025003001,出版物|音像|音乐,图书音像>影视/娱乐/音乐>巴赫创意曲集(BWV772801)弦乐(改编版),巴赫创意曲集(BWV772801)弦乐(改编版),国美电器网上商城,新华文轩旗舰店
1025003001,出版物|音像|音乐,图书音像>影视/娱乐/音乐>本能诱惑,本能诱惑,国美电器网上商城,新华文轩旗舰店
1025003001,出版物|音像|音乐,图书音像>影视/娱乐/音乐>次中音萨克斯管(1),次中音萨克斯管(1),国美电器网上商城,新华文轩旗舰店
1025003001,出版物|音像|音乐,图书音像>影视/娱乐/音乐>电影悬念的叙事分析,电影悬念的叙事分析,国美电器网上商城,新华文轩旗舰店
1025003001,出版物|音像|音乐,图书音像>影视/娱乐/音乐>镜中红颜:华语电影的性别体认,镜中红颜:华语电影的性别体认,国美电器网上商城,新华文轩旗舰店
1025003001,出版物|音像|音乐,图书音像>影视/娱乐/音乐>芭蕾舞基本功训练钢琴伴奏曲集,芭蕾舞基本功训练钢琴伴奏曲集,国美电器网上商城,新华文轩旗舰店
1025003001,出版物|音像|音乐,图书音像>影视/娱乐/音乐>人类,人类,国美电器网上商城,新华文轩旗舰店
1025003001,出版物|音像|音乐,图书音像>影视/娱乐/音乐>和音进行,和音进行,国美电器网上商城,新华文轩旗舰店
1025003001,出版物|音像|音乐,所有分类>图书杂志>音像制品>教育影视>亲子幼教/学前启蒙>点亮网>孕妇 胎教古典音乐 ...,孕妇 胎教古典音乐 优生胎教 5DVD-XMF孕产期必备指南轻音乐,1号店,
1025003001,出版物|音像|音乐,图书音像>影视/娱乐/音乐>舞蹈学基础,舞蹈学基础,国美电器网上商城,影视/娱乐/音乐
1025003001,出版物|音像|音乐,图书音像>影视/娱乐/音乐>中国古典舞基本功训练教程,中国古典舞基本功训练教程,国美电器网上商城,新华文轩旗舰店
1025003001,出版物|音像|音乐,图书音像>影视/娱乐/音乐>让地球有个星期天:少儿歌曲88首,让地球有个星期天:少儿歌曲88首,国美电器网上商城,新华文轩旗舰店
1025003001,出版物|音像|音乐,图书音像>影视/娱乐/音乐>中外少年合唱歌曲集(2),中外少年合唱歌曲集(2),国美电器网上商城,新华文轩旗舰店
1025003001,出版物|音像|音乐,图书音像>影视/娱乐/音乐>小号上的好莱坞经典音乐附CD二张,小号上的好莱坞经典音乐附CD二张,国美电器网上商城,新华文轩旗舰店
1025003001,出版物|音像|音乐,图书音像>影视/娱乐/音乐>乐理.听音.练耳入门,乐理.听音.练耳入门,国美电器网上商城,新华文轩旗舰店
1025003001,出版物|音像|音乐,图书音像>影视/娱乐/音乐>中国文明的起源,中国文明的起源,国美电器网上商城,新华文轩旗舰店
1025003001,出版物|音像|音乐,图书音像>影视/娱乐/音乐>第八级(附1CD)/全国二胡演奏考级作品集(第五套),第八级(附1CD)/全国二胡演奏考级作品集(第五套),国美电器网上商城,新华文轩旗舰店
1025003001,出版物|音像|音乐,图书音像>影视/娱乐/音乐>全国民族乐器演奏社会艺术水平考级系列丛书京胡考级曲集(7级-9级,全国民族乐器演奏社会艺术水平考级系列丛书京胡考级曲集(7级-9级,国美电器网上商城,新华文轩旗舰店
1025003001,出版物|音像|音乐,图书音像>影视/娱乐/音乐>20世纪潮剧百戏图,20世纪潮剧百戏图,国美电器网上商城,新华文轩旗舰店
1025003001,出版物|音像|音乐,图书音像>影视/娱乐/音乐>逝去的真赏——丰子恺品音乐,逝去的真赏——丰子恺品音乐,国美电器网上商城,新华文轩旗舰店
1025003001,出版物|音像|音乐,图书音像>影视/娱乐/音乐>小兵张嘎剧本创作,小兵张嘎剧本创作,国美电器网上商城,
1025003001,出版物|音像|音乐,图书音像>影视/娱乐/音乐>新古典吉他大师独奏曲集,新古典吉他大师独奏曲集,国美电器网上商城,
1025003001,出版物|音像|音乐,图书音像>影视/娱乐/音乐>中国音乐教育年鉴,中国音乐教育年鉴,国美电器网上商城,
1025003001,出版物|音像|音乐,图书音像>影视/娱乐/音乐>中国花儿教程,中国花儿教程,国美电器网上商城,
1025003001,出版物|音像|音乐,图书音像>影视/娱乐/音乐>电视编导艺术概论,电视编导艺术概论,国美电器网上商城,
1025003001,出版物|音像|音乐,图书音像>影视/娱乐/音乐>刘炳森隶书明北京城城墙遗迹维修记,刘炳森隶书明北京城城墙遗迹维修记,国美电器网上商城,
1025003001,出版物|音像|音乐,图书音像>影视/娱乐/音乐>城北说戏壹,京剧这玩意儿(FS),城北说戏壹,京剧这玩意儿(FS),国美电器网上商城,
1025003001,出版物|音像|音乐,图书音像>影视/娱乐/音乐>中小学影视文化课程理论与实践,中小学影视文化课程理论与实践,国美电器网上商城,
1025003001,出版物|音像|音乐,图书音像>影视/娱乐/音乐>扬琴初级教程(含DVD),扬琴初级教程(含DVD),国美电器网上商城,
1025003001,出版物|音像|音乐,图书音像>影视/娱乐/音乐>从零开始学古典吉他,从零开始学古典吉他,国美电器网上商城,
1025003001,出版物|音像|音乐,图书音像>影视/娱乐/音乐>艺术概论教程,艺术概论教程,国美电器网上商城,
1025003001,出版物|音像|音乐,图书音像>影视/娱乐/音乐>电影讲稿,电影讲稿,国美电器网上商城,
1025003001,出版物|音像|音乐,图书音像>影视/娱乐/音乐>钱江潮声-杭州师范大学音乐艺术学院作曲系教师作品集,钱江潮声-杭州师范大学音乐艺术学院作曲系教师作品集,国美电器网上商城,
1025003001,出版物|音像|音乐,图书音像>影视/娱乐/音乐>毛泽东颂(下)献礼毛泽东诞辰120周年颂歌精选,毛泽东颂(下)献礼毛泽东诞辰120周年颂歌精选,国美电器网上商城,
1025003001,出版物|音像|音乐,图书音像>影视/娱乐/音乐>三十五首西洋艺术歌曲的演唱和伴奏,三十五首西洋艺术歌曲的演唱和伴奏,国美电器网上商城,
1025003001,出版物|音像|音乐,图书音像>影视/娱乐/音乐>丁善德音乐论著集,丁善德音乐论著集,国美电器网上商城,
1025003001,出版物|音像|音乐,图书音像>影视/娱乐/音乐>转型期的欧美电影,转型期的欧美电影,国美电器网上商城,
1025003001,出版物|音像|音乐,图书音像>影视/娱乐/音乐>敦煌佛教歌辞研究,敦煌佛教歌辞研究,国美电器网上商城,影视/娱乐/音乐
1025003001,出版物|音像|音乐,图书音像>影视/娱乐/音乐>世纪回眸.—马革顺音乐人生,世纪回眸.—马革顺音乐人生,国美电器网上商城,影视/娱乐/音乐
1025003001,出版物|音像|音乐,图书音像>影视/娱乐/音乐>第四级(附1CD)/全国二胡演奏考级作品集(第五套),第四级(附1CD)/全国二胡演奏考级作品集(第五套),国美电器网上商城,影视/娱乐/音乐
1025003001,出版物|音像|音乐,图书音像>影视/娱乐/音乐>高山流水/古琴艺术,高山流水/古琴艺术,国美电器网上商城,影视/娱乐/音乐
1025003001,出版物|音像|音乐,教育音像>艺术>音乐>新课程小学音乐课堂教学专题培训.如何上好...,新课程小学音乐课堂教学专题培训.如何上好一堂课（6DVD）,京东商城,博远文化旗舰店
1025003001,出版物|音像|音乐,教育音像>经营管理培训>国学与个人修炼>音乐鉴赏与养生（6VCD）光盘 赵世民讲...,音乐鉴赏与养生（6VCD）光盘 赵世民讲座 软件视频,京东商城,金兰文轩旗舰店
1025003001,出版物|音像|音乐,教育音像>艺术>音乐>【正版】新课程小学音乐课堂教学专题培训....,【正版】新课程小学音乐课堂教学专题培训.如何上好一堂课6DVD视频讲座光盘现货,京东商城,中天文化旗舰店
1025003001,出版物|音像|音乐,教育音像>生活百科>养生>【正版】音乐鉴赏与养生6VCD赵世民视频...,【正版】音乐鉴赏与养生6VCD赵世民视频讲座光盘现货,京东商城,中天文化旗舰店
1025003001,出版物|音像|音乐,教育音像>艺术>音乐>[正版带票]新课程小学音乐课堂教学专题培...,[正版带票]新课程小学音乐课堂教学专题培训 .如何提高音乐教学技能3DVD现货,京东商城,中智易达旗舰店
1025003001,出版物|音像|音乐,图书音像>音乐>吉他培训二月通,吉他培训二月通,国美电器网上商城,音乐
1025003001,出版物|音像|音乐,图书音像>电影/电视艺术>经典音乐剧唱段解读(附光盘男声部上下上海戏剧学院规划教材,经典音乐剧唱段解读(附光盘男声部上下上海戏剧学院规划教材,国美电器网上商城,电影/电视艺术
1025003001,出版物|音像|音乐,图书音像>音乐>美国学校音乐教育概况(新版)/学校艺术教育研究丛书,美国学校音乐教育概况(新版)/学校艺术教育研究丛书,国美电器网上商城,音乐
1025003001,出版物|音像|音乐,图书音像>影视/娱乐/音乐>道教仪式音乐:香港道观之,道教仪式音乐:香港道观之,国美电器网上商城,影视/娱乐/音乐
1025003001,出版物|音像|音乐,图书音像>影视/娱乐/音乐>爵士鼓演奏基础教程,爵士鼓演奏基础教程,国美电器网上商城,
1025003001,出版物|音像|音乐,图书音像>影视/娱乐/音乐>文心雕龙二十二讲,文心雕龙二十二讲,国美电器网上商城,
1025003001,出版物|音像|音乐,图书音像>影视/娱乐/音乐>新编扬琴基础教程,新编扬琴基础教程,国美电器网上商城,
1025003001,出版物|音像|音乐,图书音像>影视/娱乐/音乐>琴学荟萃(第三届古琴国际学术研讨会论文集),琴学荟萃(第三届古琴国际学术研讨会论文集),国美电器网上商城,
1025003001,出版物|音像|音乐,图书音像>影视/娱乐/音乐>新编小提琴基础教程：第4册,新编小提琴基础教程：第4册,国美电器网上商城,
1025003001,出版物|音像|音乐,图书音像>影视/娱乐/音乐>桑弧导演文存,桑弧导演文存,国美电器网上商城,
1025003001,出版物|音像|音乐,图书音像>影视/娱乐/音乐>宝宝最爱唱的歌(赠CD),宝宝最爱唱的歌(赠CD),国美电器网上商城,
1025003001,出版物|音像|音乐,图书音像>影视/娱乐/音乐>门德尔松无词歌,门德尔松无词歌,国美电器网上商城,
1025003001,出版物|音像|音乐,图书音像>影视/娱乐/音乐>中国电影史,中国电影史,国美电器网上商城,
1025003001,出版物|音像|音乐,图书音像>影视/娱乐/音乐>饮酒抽烟不运动的蔡澜,饮酒抽烟不运动的蔡澜,国美电器网上商城,
1025003001,出版物|音像|音乐,图书音像>影视/娱乐/音乐>四川少数民族戏剧,四川少数民族戏剧,国美电器网上商城,
1025003001,出版物|音像|音乐,图书音像>影视/娱乐/音乐>浪漫的沉思/音乐会钢琴曲(1书+CD),浪漫的沉思/音乐会钢琴曲(1书+CD),国美电器网上商城,
1025003001,出版物|音像|音乐,图书音像>影视/娱乐/音乐>中央音乐学院海内外考级曲目阮考级(7-9级),中央音乐学院海内外考级曲目阮考级(7-9级),国美电器网上商城,
1025003001,出版物|音像|音乐,图书音像>影视/娱乐/音乐>统计学原理 “十一五”技能型高职高专规划教材,统计学原理 “十一五”技能型高职高专规划教材,国美电器网上商城,
1025003001,出版物|音像|音乐,图书音像>影视/娱乐/音乐>艺师大专教材 舞蹈(下)(附光盘),艺师大专教材 舞蹈(下)(附光盘),国美电器网上商城,
1025003001,出版物|音像|音乐,图书音像>影视/娱乐/音乐>中国戏曲概论,中国戏曲概论,国美电器网上商城,
1025003001,出版物|音像|音乐,图书音像>影视/娱乐/音乐>电影戏剧广播电视专业高考辅导教程,电影戏剧广播电视专业高考辅导教程,国美电器网上商城,
1025003001,出版物|音像|音乐,图书音像>影视/娱乐/音乐>视唱练耳高考新题型题解与练习,视唱练耳高考新题型题解与练习,国美电器网上商城,
1025003001,出版物|音像|音乐,图书音像>影视/娱乐/音乐>融 III,融 III,国美电器网上商城,影视/娱乐/音乐
1025003001,出版物|音像|音乐,图书音像>影视/娱乐/音乐>吉他弹唱新歌快递,吉他弹唱新歌快递,国美电器网上商城,
1025003001,出版物|音像|音乐,图书音像>影视/娱乐/音乐>乐思.乐风-杨立青音乐文集,乐思.乐风-杨立青音乐文集,国美电器网上商城,
1025003001,出版物|音像|音乐,图书音像>影视/娱乐/音乐>风格创造:张艺谋电影创作论,风格创造:张艺谋电影创作论,国美电器网上商城,
1025003001,出版物|音像|音乐,图书音像>影视/娱乐/音乐>古典吉他名作演奏指导 古典主义时期,古典吉他名作演奏指导 古典主义时期,国美电器网上商城,
1025003001,出版物|音像|音乐,图书音像>影视/娱乐/音乐>从概念到银幕,从概念到银幕,国美电器网上商城,
1025003001,出版物|音像|音乐,图书音像>影视/娱乐/音乐>中外器乐名曲百首,中外器乐名曲百首,国美电器网上商城,
1025003001,出版物|音像|音乐,所有分类>图书杂志>音像制品>教育影视>亲子幼教/学前启蒙>点亮网>儿童早教歌曲音乐 幼...,儿童早教歌曲音乐 幼儿启蒙舞蹈-踏雪寻梅3DVD-KXG 真人碟片,1号店,
1025003001,出版物|音像|音乐,图书音像>影视/娱乐/音乐>中国琵琶史稿(修订版),中国琵琶史稿(修订版),国美电器网上商城,
1025003001,出版物|音像|音乐,图书音像>影视/娱乐/音乐>中国孩子喜欢的钢琴曲集,中国孩子喜欢的钢琴曲集,国美电器网上商城,
1025003001,出版物|音像|音乐,图书音像>影视/娱乐/音乐>戏迷最喜欢的京剧经典唱段,戏迷最喜欢的京剧经典唱段,国美电器网上商城,
1025003001,出版物|音像|音乐,图书音像>影视/娱乐/音乐>动画电影叙述艺术,动画电影叙述艺术,国美电器网上商城,
1025003001,出版物|音像|音乐,图书音像>影视/娱乐/音乐>一经庐琴学,一经庐琴学,国美电器网上商城,影视/娱乐/音乐
1025003001,出版物|音像|音乐,图书音像>影视/娱乐/音乐>STEP BY STEP听懂CNN 影视娱乐,STEP BY STEP听懂CNN 影视娱乐,国美电器网上商城,影视/娱乐/音乐
1025003001,出版物|音像|音乐,图书音像>影视/娱乐/音乐>关中影戏叙论,关中影戏叙论,国美电器网上商城,影视/娱乐/音乐
1025003001,出版物|音像|音乐,图书音像>影视/娱乐/音乐>手风琴演奏入门(简谱大字版),手风琴演奏入门(简谱大字版),国美电器网上商城,影视/娱乐/音乐
1025003001,出版物|音像|音乐,图书音像>影视/娱乐/音乐>音乐欣赏十讲,音乐欣赏十讲,国美电器网上商城,影视/娱乐/音乐
1025003001,出版物|音像|音乐,图书音像>影视/娱乐/音乐>孔尚任和,孔尚任和,国美电器网上商城,影视/娱乐/音乐
1025003001,出版物|音像|音乐,图书音像>影视/娱乐/音乐>最易上手/尤克里里弹唱超精选,最易上手/尤克里里弹唱超精选,国美电器网上商城,影视/娱乐/音乐
1025003001,出版物|音像|音乐,图书音像>影视/娱乐/音乐>舞动人生/何云,舞动人生/何云,国美电器网上商城,影视/娱乐/音乐
1025003001,出版物|音像|音乐,图书音像>影视/娱乐/音乐>贵州民间歌谣概论/何积全,贵州民间歌谣概论/何积全,国美电器网上商城,影视/娱乐/音乐
1025003001,出版物|音像|音乐,首页>音像>音乐>欧美流行>女歌手>惠特妮?休斯顿:保镖电影原声带(C...,惠特妮?休斯顿:保镖 电影原声带(CD),苏宁,
1025003001,出版物|音像|音乐,首页>音像>音乐>华语流行>华语合集>超凡蜘蛛侠2电影原声带(CD),超凡蜘蛛侠2电影原声带(CD),苏宁,
1025003001,出版物|音像|音乐,图书音像>影视/娱乐/音乐>声乐教学与表演艺术实践探索/张红英,声乐教学与表演艺术实践探索/张红英,国美电器网上商城,影视/娱乐/音乐
1025003001,出版物|音像|音乐,教育音像?>?管理培训?>?《新课程小学音乐课堂教学专题培训?如何提高音乐教学技能》,《新课程小学音乐课堂教学专题培训 如何提高音乐教学技能》,当当网,无
1025003001,出版物|音像|音乐,图书音像>影视/娱乐/音乐>古典音乐欣赏(欧洲部分)(高等)/高宏宇,古典音乐欣赏(欧洲部分)(高等)/高宏宇,国美电器网上商城,影视/娱乐/音乐
1025003001,出版物|音像|音乐,教育音像?>?管理培训?>??儿童歌曲音乐?经典儿歌200百首10DVD, 儿童歌曲音乐 经典儿歌200百首10DVD,当当网,无
1025003001,出版物|音像|音乐,图书音像>影视/娱乐/音乐>开心吹口哨/周建平null,开心吹口哨/周建平null,国美电器网上商城,影视/娱乐/音乐
1025003001,出版物|音像|音乐,教育音像?>?文学 其他?>?著名电影音乐精选(CD)?中国唱片总公司?,著名电影音乐精选(CD) 中国唱片总公司 ,当当网,无
1025003001,出版物|音像|音乐,图书音像>影视/娱乐/音乐>中国电影备忘录,中国电影备忘录,国美电器网上商城,影视/娱乐/音乐
1025003001,出版物|音像|音乐,教育音像?>?文学 其他?>?蓝光碟音乐之声蓝光高清碟1080P蓝光2BD50+DVD9电影3dvd碟片,蓝光碟音乐之声蓝光高清碟1080P蓝光2BD50+DVD9电影3dvd碟片,当当网,无
1025003001,出版物|音像|音乐,图书音像>影视/娱乐/音乐>演奏型态的分析与音乐意义的追索从原真演奏引发的音乐释义学方法,演奏型态的分析与音乐意义的追索从原真演奏引发的音乐释义学方法,国美电器网上商城,影视/娱乐/音乐
1025003001,出版物|音像|音乐,图书>艺术>影视>满58包邮！电影音乐人成长手册书籍...,满58包邮！ 电影音乐人成长手册 书籍 教程,京东商城,
1025003001,出版物|音像|音乐,音乐>进口CD>古典奏鸣曲>【中图音像】帕尔曼的电影琴声1电影小夜...,【中图音像】帕尔曼的电影琴声1 电影小夜曲CD [原装正版] 现货,京东商城,
1025003001,出版物|音像|音乐,教育音像?>?管理培训?>?中国音乐大全：古琴卷全集（8CD）培训光盘?视频讲座?包邮?可货到...,中国音乐大全：古琴卷全集（8CD）培训光盘 视频讲座 包邮 可货到付款 原装正版,当当网,无
1025003001,出版物|音像|音乐,教育音像?>?管理培训?>?陈功雄?爱和乐全能全脑教育音乐-早教胎教音乐12CD+1VCD+1书?培训...,陈功雄 爱和乐全能全脑教育音乐-早教胎教音乐12CD+1VCD+1书 培训光盘包邮货到付款,当当网,无
1025003001,出版物|音像|音乐,教育音像?>?管理培训?>?新课标小学音乐课例与评析?8VCD?王萍?培训光盘?包邮?货到付款?原...,新课标小学音乐课例与评析 8VCD 王萍 培训光盘 包邮 货到付款 原装正版,当当网,无
1025003001,出版物|音像|音乐,教育音像?>?管理培训?>?中国传统五行音乐CD（经典珍藏版）角徵宫商羽（CD）,中国传统五行音乐CD（经典珍藏版）角徵宫商羽（CD）,当当网,无
1025003001,出版物|音像|音乐,教育音像?>?管理培训?>?专家团?开车听音乐系列：《经典二胡曲》?2CD?培训光盘视频讲座?...,专家团 开车听音乐系列：《经典二胡曲》 2CD 培训光盘视频讲座 原装正版 包邮 货到付款,当当网,无
1025003001,出版物|音像|音乐,教育音像?>?管理培训?>?舞台艺术电影-大型音乐舞蹈史诗-复兴之路?2DVD?培训光盘货到付款...,舞台艺术电影-大型音乐舞蹈史诗-复兴之路 2DVD 培训光盘货到付款 原装正版,当当网,无
1025003001,出版物|音像|音乐,教育音像?>?管理培训?>?《古典音乐大系》企业培训光盘?50CD?原装正版?底价直销?包邮?可...,《古典音乐大系》企业培训光盘 50CD 原装正版 底价直销 包邮 可货到付款,当当网,无
1025003001,出版物|音像|音乐,卡拉扬指挥柏林交响乐团，贝多芬：绝对古典（10CD） 贝多芬（BEETHOVEN），海顿（HAYDN），李斯特（LISZT），肖邦（CHOPIN）等，（曲）；卡拉扬（指挥）；柏林交响乐团（乐团）,音乐>古典>古典合辑,京东商城,
1025003001,出版物|音像|音乐,陈传熙等指挥上海电影乐团等，吕其明等：红旗颂（CD） 吕其明，何占豪 等（曲）；陈传熙，曹鹏，张振山，黄贻钧（指挥）；上海电影乐团，上海交响乐团（乐团）,音乐>古典>管弦乐,京东商城,
1025003001,出版物|音像|音乐,中图引进版DDD数码录制系列：著名管弦乐（13）DDD41037（CD）（京东专卖） 佐而坦·柯瓦茨，弗朗茨·里赫特（指挥）；布达佩斯爱乐乐团，柏林广播交响乐团（乐团）,音乐>古典>管弦乐,京东商城,
1025003001,出版物|音像|音乐,中图国内版系列：拾梦排箫独奏（CD）（京东专卖）,音乐>中国民族乐器>吹管乐器,京东商城,
1025003001,出版物|音像|音乐,中图国内版系列：奇袭白虎团（CD）（京东专卖） Ride On the White Tiger Regiment 龚国泰（曲）；王永吉（指挥）；上海乐团管弦乐队（乐团）,音乐>相声/戏曲/曲艺>戏曲,京东商城,
1025003001,出版物|音像|音乐,中图国内版系列：草原牧歌（CD）（京东专卖） Pastoral for the Prairie 青燕子演唱组（演唱）；广州交响乐团弦乐四重奏（乐团）,音乐>民族音乐>民族民间音乐,京东商城,
1025003001,出版物|音像|音乐,中图国内版系列：二泉映月-中国二胡十大名曲（CD）（京东专卖） 上海名家乐团（乐团）；王国伟，马晓晖，陈春圆（演奏者）,音乐>中国民族乐器>拉弦乐器,京东商城,
1025003001,出版物|音像|音乐,中图引进版DDD数码录音系列：德彪西名曲精萃DDD-41092（CD）（京东专卖） 德彪西（曲）；安东·哈里斯，让·皮尔·浮雷（指挥）；巴黎市立乐团，伦敦爱乐交响乐团（乐团）；伯恩·阿勒特（演奏者）,音乐>古典>近代音乐,京东商城,
1025003001,出版物|音像|音乐,进口CD 环球 格鲁克：奥菲欧与尤丽狄茜（2CD） Christoph Willibald Gluck（曲）；Georg Solti（指挥）；Rome Opera Chorus, Royal Opera House Covent Garden Orchestra（乐团）,音乐>进口CD>古典音乐会,京东商城,
1025003001,出版物|音像|音乐, Maria Stader, Helmut Krebs, Kim Borg（演奏者）,音乐>进口CD>歌剧/声乐,京东商城,
1025003001,出版物|音像|音乐,进口CD DG Schoenberg：Violin Concerto 勋伯格小提琴协奏曲 （CD） Sibelius & Schoenberg: Violin Concerto 埃萨-佩卡·萨洛宁（Esa Pekka Salonen）（指挥）；瑞典广播交响乐团（乐团）；希拉里·哈恩（演奏者）,音乐>进口CD>古典协奏曲,京东商城,
1025003001,出版物|音像|音乐,文雅唱片 穆拉文斯基等指挥贝多芬等：世界最顶尖5首交响曲（4CD）（珍藏版） The World Top 5 Symphonies 贝多芬，海顿，莫扎特，柴科夫斯基（曲）；穆拉文斯基，卡夫·泰勒曼，肯普多，亨利·阿多夫（指挥）；莫斯科广播交响乐团，柏林交响乐团，慕尼黑广播这弦乐团，德国广播交响乐团，列宁格勒爱乐乐团（乐团）,音乐>古典>交响乐,京东商城,
1025003001,出版物|音像|音乐,阿炳叙事曲：邓建栋二胡音画舞多媒体独奏音乐会（DVD） 邓建栋（演奏者）,音乐>中国民族乐器>拉弦乐器,京东商城,
1025003001,出版物|音像|音乐, 2, 5 & 7 西贝柳斯（曲）；伯恩斯坦（指挥）；维也纳交响乐团（乐团）,音乐>进口CD>古典交响乐,京东商城,
1025003001,出版物|音像|音乐,贝多芬：第三号交响曲、第八号交响曲（CD） 贝多芬（曲）；迈克尔·哈拉兹，理查德·爱德林格尔（指挥）；萨格勒布爱乐队乐团，捷克斯洛伐克广播交响乐团（演奏者）,音乐>古典>交响乐,京东商城,
1025003001,出版物|音像|音乐,进口CD 明达 迷情演奏会（CD） In concert,音乐>进口CD>古典音乐会,京东商城,
1025003001,出版物|音像|音乐,进口CD 上扬 柯荣钢琴独奏会：舒曼、舒伯特作品（CD） Fant/Son Pno D960 舒曼（曲）,音乐>进口CD>古典音乐会,京东商城,
1025003001,出版物|音像|音乐,进口CD 环球 柴可夫斯基：芭蕾舞曲全集（6CD） CE TCHAIK：COMPLETE BALLETS 柴可夫斯基（曲）；葛济夫（指挥）；马林斯基剧院管弦乐团（乐团）,音乐>进口CD>古典芭蕾,京东商城,
1025003001,出版物|音像|音乐,进口CD 环球 拉威尔：管弦乐作品（2CD） Ravel: Orchestral Works 拉威尔（曲）；Claudio Abbado（指挥）；伦敦交响乐团，Boston Symphony Orchestra（乐团）,音乐>进口CD>古典合辑,京东商城,
1025003001,出版物|音像|音乐,京剧大师著名唱段5:旦角篇(CD) 梅兰芳，程砚秋，荀慧生，尚小云，张君秋，裘盛戎 等（演唱）,音乐>相声/戏曲/曲艺>戏曲,京东商城,
1025003001,出版物|音像|音乐,戏曲·京胡与乐队（CD） The Best Of You Ji Shun 臧彦彬（监制）；龚国泰（指挥）；尤继舜，闵慧芬，李民雄，刘英，王蔚，上海京剧院，上海静乐团（演奏者）,音乐>相声/戏曲/曲艺>戏曲,京东商城,
1025003001,出版物|音像|音乐,越剧九斤姑娘（CD） 吕瑞英，张桂凤，吴天芳（演唱）；上海越剧院乐队（演奏者）,音乐>相声/戏曲/曲艺>戏曲,京东商城,
1025003001,出版物|音像|音乐,川剧-中华戏曲-(全2册) ,首页  >> 文学艺术 >> 艺术  >> 戏剧艺术 >> 川剧-中华戏曲-(全2册) ,北发图书网,
1025003001,出版物|音像|音乐,道听途说 经典相声大全相声CD 刘宝瑞对口相声全集1MP3 10.8小时,音乐>相声/戏曲/曲艺>相声>道听途说经典相声大全相声CD刘宝瑞对...,京东商城,
1025003001,出版物|音像|音乐,李金斗、陈涌泉相声精选(MP3),音乐>相声/戏曲/曲艺>相声>李金斗、陈涌泉相声精选(MP3),京东商城,
1025003001,出版物|音像|音乐,碧昂丝Beyonce：非你莫属2009拉斯维加斯亲密接触演唱会（DVD） Beyonce：I Am…Yours An Intimate Performance At Wynn Las Vegas 碧昂丝（Beyonce）（演唱）,音乐>音乐DVD/VCD>演唱会,京东商城,
1025003001,出版物|音像|音乐,任贤齐：2002红磡香港演唱会（DVD9） 任贤齐（演唱）,音乐>音乐DVD/VCD>演唱会,京东商城,
1025003001,出版物|音像|音乐,莫文蔚：好演唱会（DVD9） 莫文蔚（演唱）,音乐>音乐DVD/VCD>演唱会,京东商城,
1025003001,出版物|音像|音乐,左麟右李2009演唱会（3DVD） 谭咏麟，李克勤（演唱）,音乐>音乐DVD/VCD>演唱会,京东商城,
1025003001,出版物|音像|音乐,专  辑： Star庆功演唱会（无损）,数字商品>数字音乐>休闲娱乐>现场>演唱会>Star庆功演唱会（无损）,京东商城,
1025003001,出版物|音像|音乐,专  辑： 看透（邓丽欣演唱会）（无损）,数字商品>数字音乐>流行音乐>华语流行>华语女歌手>看透（邓丽欣演唱会）（无损）,京东商城,
1025003001,出版物|音像|音乐,专  辑： 中国最强音（第14期）,数字商品>数字音乐>休闲娱乐>现场>演唱会>中国最强音（第14期）,京东商城,
1025003001,出版物|音像|音乐,西城男孩：美梦成真演唱会（CD+DVD） Westlife Where Dreams Come True 西城男孩（演唱）,音乐>音乐DVD/VCD>演唱会,京东商城,
1025003001,出版物|音像|音乐,王菲：最精彩演唱会卡拉OK（2VCD） 王菲（演唱）,音乐>音乐DVD/VCD>演唱会,京东商城,
1025003001,出版物|音像|音乐,汪峰：LIVE飞得更高演唱会（2DVD） 汪峰（演唱）,音乐>音乐DVD/VCD>演唱会,京东商城,
1025003001,出版物|音像|音乐,张学友：活出生命LIVE演唱会（2DVD） JACKY LIVE PERFORMANCE 张学友（演唱）,音乐>音乐DVD/VCD>演唱会,京东商城,
1025003001,出版物|音像|音乐,关心妍：I AM READY2004演唱会（DVD） 关心妍（演唱）,音乐>音乐DVD/VCD>演唱会,京东商城,
1025003001,出版物|音像|音乐,2010水木年华“十年启程”北京工体演唱会（2CD+1DVD） 水木年华（演唱）,音乐>音乐DVD/VCD>演唱会,京东商城,
1025003001,出版物|音像|音乐,祖海：香港“好运来”大型演唱会（2VCD）（京东专卖） 祖海（演唱）,音乐>音乐DVD/VCD>演唱会,京东商城,
1025003001,出版物|音像|音乐,祖海：香港好运来大型演唱会（DVD）（京东专卖） 祖海（演唱）；戚建波，浮克，孟庆云，张全复（曲）；张全复（指挥）；中国歌剧舞剧院（演奏者）,音乐>音乐DVD/VCD>演唱会,京东商城,
1025003001,出版物|音像|音乐,诺拉琼丝：远走高飞纽奥良现场（DVD）（特价）（京东专卖） Norah Jones: Live in New Orleans 诺拉琼丝（演唱）,音乐>音乐DVD/VCD>演唱会,京东商城,
1025003001,出版物|音像|音乐,街头顽童：等待黎明·曼彻斯特演唱会（DVD9）（特价）（京东专卖） 街头顽童 (Gorillaz)（演唱）,音乐>音乐DVD/VCD>演唱会,京东商城,
1025003001,出版物|音像|音乐,神圣喜剧乐队：伦敦帕拉斯剧院演唱会（DVD9）（特价）（京东专卖） The Divine Comedy Live at the Palladium 神圣喜剧乐队（乐团）,音乐>音乐DVD/VCD>演唱会,京东商城,
1025003001,出版物|音像|音乐,2011林俊杰I M世界巡回演唱会小巨蛋（DVD） 林俊杰（演唱）,音乐>音乐DVD/VCD>演唱会,京东商城,
1025003001,出版物|音像|音乐,刘若英：脱掉高跟鞋演唱会（简装版 3DVD） 刘若英（演唱）,音乐>音乐DVD/VCD>演唱会,京东商城,
1025003001,出版物|音像|音乐,陈绮贞首张演唱会Live专辑:花的姿态(2CD) [套装],音乐>华语流行>女歌手>陈绮贞首张演唱会Live专辑:花的姿态(...,京东商城,
1025003001,出版物|音像|音乐,惠特妮休斯顿:现场演唱会(DVD),音乐>欧美流行>女歌手>惠特妮休斯顿:现场演唱会(DVD),京东商城,
1025003001,出版物|音像|音乐,郑秀文:Love Mi世界巡回演唱会 香港站(3DVD) [套装],音乐>华语流行>女歌手>郑秀文:LoveMi世界巡回演唱会香...,京东商城,
1025003001,出版物|音像|音乐,丽亚莎隆加:百老汇演唱会(DVD),音乐>欧美流行>女歌手>丽亚莎隆加:百老汇演唱会(DVD),京东商城,
1025003001,出版物|音像|音乐,传奇印度音乐大师 拉维·香卡传（DVD9）         ,音乐 > 古典音乐 > 古典DVD/VCD > 音乐会/演唱会 > 商品详情,当当网,无
1025003001,出版物|音像|音乐,中华颂：祖海/人民大会堂大型演唱会（DVD 赠送祖海精美靓照）         ,音乐 > 音乐DVD/VCD > 演唱会 > 华语 > 商品详情,当当网,无
1025003001,出版物|音像|音乐,周杰伦：超时代演唱会（2CD）,音乐>华语流行>男歌手>周杰伦：超时代演唱会（2CD）,京东商城,
1025003001,出版物|音像|音乐,宋祖英：2011台北小巨蛋音乐会（2DVD）         ,音乐 > 音乐DVD/VCD > 演唱会 > 华语 > 商品详情,当当网,无
1025003001,出版物|音像|音乐,2008 春节戏曲晚会（2DVD）         ,音乐 > 音乐DVD/VCD > 演唱会 > 华语 > 商品详情,当当网,无
1025003001,出版物|音像|音乐,沂蒙女儿——褚海辰·放歌边关10年情·音乐会（DVD）         ,音乐 > 音乐DVD/VCD > 演唱会 > 华语 > 商品详情,当当网,无
1025003001,出版物|音像|音乐,阿不都拉2013个人演唱会（DVD） 阿不都拉（演唱）,音乐>音乐DVD/VCD>演唱会,京东商城,
1025003001,出版物|音像|音乐,小娟 山谷里的居民 2013北京演唱会珍藏版DVD+CD,音乐>民族音乐>民族民间歌曲>小娟山谷里的居民2013北京演唱会珍...,京东商城,
1025003001,出版物|音像|音乐,张国荣 热情演唱会 2DVD 卡拉OK版 2000年,音乐>华语流行>男歌手>张国荣热情演唱会2DVD卡拉OK版...,京东商城,
1025003001,出版物|音像|音乐,SHE 爱而为一 演唱会影音馆专辑 [3DVD+5张明信片] S.H.E,音乐>华语流行>组合/乐队>SHE爱而为一演唱会影音馆专辑[3...,京东商城,
1025003001,出版物|音像|音乐,凯莉米洛秀女郎：超级巡回演唱会（DVD）         ,音乐 > 音乐DVD/VCD > 演唱会 > 欧美/日韩 > 商品详情,当当网,无
1025003001,出版物|音像|音乐,同一首歌走进英国：放歌奥运中国年（DVD）原人原唱MTV         ,音乐 > 音乐DVD/VCD > 演唱会 > 华语 > 商品详情,当当网,无
1025003001,出版物|音像|音乐,辛晓琪：永远的恋人演唱会（2VCD）         ,音乐 > 音乐DVD/VCD > 演唱会 > 华语 > 商品详情,当当网,无
1025003001,出版物|音像|音乐,声如夏花——国际声乐大师班庆典音乐会         ,音乐 > 音乐DVD/VCD > 演唱会 > 华语 > 商品详情,当当网,无
1025003001,出版物|音像|音乐,名家音乐会系列：琵琶经典作品专场演奏会（4VCD+1DVD）         ,音乐 > 古典音乐 > 古典DVD/VCD > 音乐会/演唱会 > 商品详情,当当网,无
1025003001,出版物|音像|音乐,戴夫考兹：奥斯卡浪漫恋曲（DVD）         ,音乐 > 古典音乐 > 古典DVD/VCD > 音乐会/演唱会 > 商品详情,当当网,无
1025003001,出版物|音像|音乐,滚石现场演唱会(DVD)         ,音乐 > 音乐DVD/VCD > 演唱会 > 欧美/日韩 > 商品详情,当当网,无
1025003001,出版物|音像|音乐,黄凯芹-好久不见演唱会2002[红磡香港体育馆]DVD         ,音乐 > 音乐DVD/VCD > 演唱会 > 华语 > 商品详情,当当网,无
1025003001,出版物|音像|音乐,群星慈善演唱会(二)DVD         ,音乐 > 音乐DVD/VCD > 演唱会 > 欧美/日韩 > 商品详情,当当网,无
1025003001,出版物|音像|音乐,群星燦爤新歌演唱会DVD1*2蓝卡         ,音乐 > 音乐DVD/VCD > 演唱会 > 华语 > 商品详情,当当网,无
1025003001,出版物|音像|音乐,小辉神州之旅音乐会：带你的耳朵去旅行（DVD）         ,音乐 > 古典音乐 > 古典DVD/VCD > 音乐会/演唱会 > 商品详情,当当网,无
1025003001,出版物|音像|音乐,LIVE现场全收录：刘德华、王杰、陈奕迅、谢霆锋演唱会精选(简装4DVD)(当当独家)         ,音乐 > 音乐DVD/VCD > 演唱会 > 华语 > 商品详情,当当网,无
1025003001,出版物|音像|音乐,2001欧洲圣城音乐会(DVD-9)         ,音乐 > 古典音乐 > 古典DVD/VCD > 音乐会/演唱会 > 商品详情,当当网,无
1025003001,出版物|音像|音乐,张学友—活出生命LIVE演唱会（2DVD）         ,音乐 > 音乐DVD/VCD > 演唱会 > 华语 > 商品详情,当当网,无
1025003001,出版物|音像|音乐,同一首歌（八）：走进校园（下）（DVD）         ,音乐 > 音乐DVD/VCD > 演唱会 > 华语 > 商品详情,当当网,无
1025003001,出版物|音像|音乐,千禧逍遥音乐会(DVD5)         ,音乐 > 古典音乐 > 古典DVD/VCD > 音乐会/演唱会 > 商品详情,当当网,无
1025003001,出版物|音像|音乐,萧亚轩：香港红磡夏日的精彩演唱会卡拉OK（DVD）         ,音乐 > 音乐DVD/VCD > 演唱会 > 华语 > 商品详情,当当网,无
1025003001,出版物|音像|音乐,布勒乐队：摇滚旅程纪录片+海德公园演唱会纪实（2DVD）         ,音乐 > 音乐DVD/VCD > 演唱会 > 欧美/日韩 > 商品详情,当当网,无
1025003001,出版物|音像|音乐,维也纳音乐会：1/金装版（2DVD）         ,音乐 > 古典音乐 > 古典DVD/VCD > 音乐会/演唱会 > 商品详情,当当网,无
1025003001,出版物|音像|音乐,华彩之辉－王之辉胡琴独奏音乐会（DVD）         ,音乐 > 古典音乐 > 古典DVD/VCD > 音乐会/演唱会 > 商品详情,当当网,无
1025003001,出版物|音像|音乐,方恒健与学生孙楚双簧管师生音乐会（DVD）         ,音乐 > 古典音乐 > 古典DVD/VCD > 音乐会/演唱会 > 商品详情,当当网,无
1025003001,出版物|音像|音乐,任贤齐：齐齐玩（DVD-9）         ,音乐 > 音乐DVD/VCD > 演唱会 > 华语 > 商品详情,当当网,无
1025003001,出版物|音像|音乐,欢歌：刘欢2004.3.19北京个人演唱会（DVD）         ,音乐 > 音乐DVD/VCD > 演唱会 > 华语 > 商品详情,当当网,无
1025003001,出版物|音像|音乐,李克勤、容祖儿：05演唱会（DVD-9）         ,音乐 > 音乐DVD/VCD > 演唱会 > 华语 > 商品详情,当当网,无
1025003001,出版物|音像|音乐,(CD)莎拉布莱曼:拉斯维加斯演唱会,音乐>艺人周边>欧美>(CD)莎拉布莱曼:拉斯维加斯演唱会,京东商城,
1025003001,出版物|音像|音乐,郭富城演唱会 舞临盛宴 5DVD,音乐>华语流行>男歌手>郭富城演唱会舞临盛宴5DVD,京东商城,
1025003001,出版物|音像|音乐,邓丽君 1982香港伊利沙伯体育馆演唱会 3CD,音乐>华语流行>女歌手>邓丽君1982香港伊利沙伯体育馆演唱会...,京东商城,
1025003001,出版物|音像|音乐,商城正版 王若琳《大人故事书亚洲巡回演唱会影音全记录》DVD 9,音乐>音乐DVD/VCD>演唱会>商城正版王若琳《大人故事书亚洲巡回演唱...,京东商城,
1025003001,出版物|音像|音乐,【正版】布兰妮（Britney）：拉斯维加斯演唱会（蓝盒DVD）,音乐>音乐DVD/VCD>演唱会>【正版】布兰妮（Britney）：拉斯维...,京东商城,
1025003001,出版物|音像|音乐,现货 谭咏麟&李克勤 左麟右李十周年演唱会3DVD 2013,音乐>音乐DVD/VCD>演唱会>现货谭咏麟&李克勤左麟右李十周年演唱...,京东商城,
1025003001,出版物|音像|音乐,徐小凤 金光灿烂 87演唱会 蓝光版 BD,音乐>华语流行>女歌手>徐小凤金光灿烂87演唱会蓝光版B...,京东商城,
1025003001,出版物|音像|音乐,绝版现货|张敬轩：2010轩动心弦演唱会（3DVD5）,音乐>内地流行>男歌手>绝版现货|张敬轩：2010轩动心弦演唱会...,京东商城,
1025003001,出版物|音像|音乐,周杰伦：超时代演唱会（2CD）,音乐>华语流行>男歌手>周杰伦：超时代演唱会（2CD）,京东商城,
1025003001,出版物|音像|音乐,正版 李玉刚:镜花水月2010日本演歌会DVD 演出地点：东京艺术剧场,音乐>音乐DVD/VCD>演唱会>正版李玉刚:镜花水月2010日本演歌会...,京东商城,
1025003001,出版物|音像|音乐,席琳迪翁：新的一天 拉斯维加斯现场演唱会(2DVD9) 新索,音乐>欧美流行>女歌手>席琳迪翁：新的一天拉斯维加斯现场演唱会...,京东商城,
1025003001,出版物|音像|音乐,左麟右李十周年演唱会 香港有声音 LIVE DVD 3碟装DVD9,音乐>华语流行>合集>左麟右李十周年演唱会香港有声音LIV...,京东商城,
1025003001,出版物|音像|音乐,西城男孩 美梦成真演唱会 欧美流行经典歌曲1CD 1DVD,音乐>欧美流行>组合/乐队>西城男孩美梦成真演唱会欧美流行经典歌...,京东商城,
1025003001,出版物|音像|音乐,西城男孩 黄金十年演唱会 欧美流行经典歌曲1DVD,音乐>欧美流行>组合/乐队>西城男孩黄金十年演唱会欧美流行经典...,京东商城,
1025003001,出版物|音像|音乐,【正版】Mr乐队专辑全集 5张专辑全收录 2011演唱会 4CD+3DVD,音乐>音乐DVD/VCD>演唱会>【正版】Mr乐队专辑全集5张专辑全收录...,京东商城,
1025003001,出版物|音像|音乐,谭咏麟 & 李克勤：左麟右李十周年演唱会 3DVD         ,音乐 > 音乐DVD/VCD > 演唱会 > 华语 > 谭咏麟 & 李克勤：左麟右李十周年演唱会 3DVD,当当网,无
1025003001,出版物|音像|音乐,话剧与社会-20世纪30年代中国话剧文献史料辑 ,首页  >> 文学艺术 >> 艺术  >> 戏剧艺术 >> 话剧与社会-20世纪30年代中国话剧文献史料辑 ,北发图书网,
1025003001,出版物|音像|音乐,『中国儿童艺术剧院』大剧场A区门票,所有分类>生活服务>电影/演出/体育赛事>演出话剧>亲子儿童>生活服务>『中国儿童艺术剧院』...,1号店,生活服务
1025003001,出版物|音像|音乐,【中图音像】理查史特劳斯：沉默的女人3CD (EMI歌剧帝国),音乐>进口CD>古典协奏曲>【中图音像】理查史特劳斯：沉默的女人3C...,京东商城,
1025003001,出版物|音像|音乐,《兰陵王》戏剧原声带 (CD),音乐>内地流行>合集>《兰陵王》戏剧原声带(CD),京东商城,
1025003001,出版物|音像|音乐,【中图音像】歌剧 2012 OPERA 2012 2CD [古典音乐]4783641,音乐>进口CD>古典合辑>【中图音像】歌剧2012OPERA...,京东商城,
1025003001,出版物|音像|音乐,央视电视剧 明宫谜案 12DVD 主演：张晨光,教育音像>生活百科>其他>央视电视剧 明宫谜案 12DVD 主演：...,京东商城,华闻世嘉图书音像旗舰店
1025003001,出版物|音像|音乐,比才 歌剧《卡门》精彩选段(CD),音乐>古典>古典合辑>比才歌剧《卡门》精彩选段(CD),京东商城,
1025003001,出版物|音像|音乐,百老汇音乐剧：曾经（古典音乐剧CD）,音乐>古典>歌剧/声乐>百老汇音乐剧：曾经（古典音乐剧CD）,京东商城,
1025003001,出版物|音像|音乐,【中图音像】威尔第:纳布果精选(EMI歌剧精选系列) [古典音乐]09489028,音乐>进口CD>古典协奏曲>【中图音像】威尔第:纳布果精选(EMI歌...,京东商城,
1025003001,出版物|音像|音乐,瓦格纳:著名歌剧序曲(CD),音乐 > 古典,亚马逊(卓越网),第比利斯交响乐团 (Tbilisi Symphon
1025003001,出版物|音像|音乐,最爱歌剧作品系列:魔笛(CD),音乐 > 休闲音乐 ,亚马逊(卓越网),西蒙诺
1025003001,出版物|音像|音乐,【中图音像】威尔第精选歌剧蓝光3BD108074VERDI OPERA SELECTION,音乐>进口CD>古典协奏曲>【中图音像】威尔第精选歌剧蓝光3BD10...,京东商城,
1025003001,出版物|音像|音乐,歌剧魅影英国皇家剧院25周年现场版 (1DVD-9),音乐>古典>歌剧/声乐>歌剧魅影英国皇家剧院25周年现场版(1...,京东商城,
1025003001,出版物|音像|音乐,发烧音乐 中国唱片 中国经典歌剧精粹典藏版1 1CD,音乐>民族音乐>其他>发烧音乐中国唱片中国经典歌剧精粹典藏...,京东商城,
1025003001,出版物|音像|音乐,音乐大讲堂 西方古典音乐篇 舞剧音乐大师柴科夫斯基 6CD,音乐>古典>歌剧/声乐>音乐大讲堂西方古典音乐篇舞剧音乐大师...,京东商城,
1025003001,出版物|音像|音乐,2011歌剧之最(2CD) 帕瓦罗蒂 多明戈 卡雷拉斯,音乐>进口CD>歌剧/声乐>2011歌剧之最(2CD)帕瓦罗蒂多...,京东商城,
1025003001,出版物|音像|音乐,话剧:生死场(DVD),其他 > 其他,亚马逊(卓越网),韩童生
1025003001,出版物|音像|音乐,话剧?感受中国：英文,首页>电子书>艺术>戏剧/舞台艺术>话剧?感受中国：英文,京东商城,
1025003001,出版物|音像|音乐,万家灯火(DVD)(话剧),音像/类别,亚马逊(卓越网),宋丹丹
1025003001,出版物|音像|音乐,菊坛经典－京剧大师著名唱段肆:旦角篇(CD) 张君秋，程砚秋，梅兰芳，荀慧生，尚小云（演唱）,音乐>相声/戏曲/曲艺>戏曲,京东商城,
1025003001,出版物|音像|音乐,中国戏剧 (平装),首页 > 艺术 > 舞台艺术和戏曲 > 中国戏剧 (平装),互动出版网,
1025003001,出版物|音像|音乐,CNR 上海昆剧团俞振飞专辑：墙头马上（3CD）,音乐>相声/戏曲/曲艺>戏曲>CNR上海昆剧团俞振飞专辑：墙头马上（...,京东商城,
1025003001,出版物|音像|音乐,嘻哈包袱铺精品专场－100段 （4MP3）,音乐>相声/戏曲/曲艺>相声>嘻哈包袱铺精品专场－100段（4MP3...,京东商城,
1025003001,出版物|音像|音乐,百听不厌 大师相声(5CD)侯宝林 刘宝瑞 马三立 郭全宝等,音乐>相声/戏曲/曲艺>相声>百听不厌大师相声(5CD)侯宝林刘宝...,京东商城,
1025003001,出版物|音像|音乐,京剧艺术大师：程砚秋（CD）,音乐>相声/戏曲/曲艺>戏曲>京剧艺术大师：程砚秋（CD）,京东商城,
1025003001,出版物|音像|音乐,京剧艺术大师：余叔岩（CD）,音乐>相声/戏曲/曲艺>戏曲>京剧艺术大师：余叔岩（CD）,京东商城,
1025003001,出版物|音像|音乐,家佳听书馆：郭德纲相声精品集（MP3）,音乐>相声/戏曲/曲艺>相声>家佳听书馆：郭德纲相声精品集（MP3）,京东商城,
1025003001,出版物|音像|音乐,京剧:名家老旦 王梦云艺术演唱(磁带),音乐 > 戏曲,曲艺 > 京剧,亚马逊(卓越网),王梦云
1025003001,出版物|音像|音乐,京剧:玉堂春 二进宫 唱段（磁带）,音乐 > 戏曲,曲艺 > 京剧,亚马逊(卓越网),李维康
1025003001,出版物|音像|音乐,正版戏曲 河北梆子 南北合 (2VCD) [套装现货] 许荷英 刘凤岭,教育音像 > 文学 其他 > 正版戏曲 河北梆子 南北合 (2VCD) [套装现货] 许荷英 刘凤岭,当当网,其他
1025003001,出版物|音像|音乐,京剧大师著名唱段3:旦角篇(CD) 梅兰芳，程砚秋，荀慧生，尚小云，张君秋（演唱）,音乐>相声/戏曲/曲艺>戏曲,京东商城,
1025003001,出版物|音像|音乐,京剧青衣：梅兰芳等（1103）（CD） 梅兰芳，言慧珠，杜近芳 等（演唱）,音乐>相声/戏曲/曲艺>戏曲,京东商城,
1025003001,出版物|音像|音乐,CNR 当代京剧名家演唱系列:张学津(2CD),音乐>相声/戏曲/曲艺>戏曲>CNR当代京剧名家演唱系列:张学津(2...,京东商城,
1025003001,出版物|音像|音乐,CNR 马连良教唱借东风清官册(CD),音乐>相声/戏曲/曲艺>戏曲>CNR马连良教唱借东风清官册(CD),京东商城,
1025003001,出版物|音像|音乐,菊坛经典京剧大师：裘盛戎3（演唱艺术特辑）（CD）         ,音乐 > 戏曲 > 京剧 > 商品详情,当当网,无
1025003001,出版物|音像|音乐,京剧艺术大师：余叔岩（CD）         ,音乐 > 戏曲 > 京剧 > 商品详情,当当网,无
1025003001,出版物|音像|音乐,浙江省越剧梅花奖精品专场演出(2VCD) [套装],音乐 > 戏曲,曲艺 > 越剧 ,亚马逊(卓越网),周云娟
1025003001,出版物|音像|音乐,黄梅戏裸片光盘 《孙成打酒》 2VCD,音乐 > 戏曲,曲艺 > 黄梅戏,亚马逊(卓越网),左胜利 等
1025003001,出版物|音像|音乐,京剧大师珍藏系列：杨宝森经典演绎（CD）,音乐>相声/戏曲/曲艺>戏曲>京剧大师珍藏系列：杨宝森经典演绎（CD）,京东商城,
1025003001,出版物|音像|音乐,中国戏曲名家唱腔珍藏版：京剧（青衣）[程砚秋]（CD）         ,音乐 > 戏曲 > 京剧 > 商品详情,当当网,无
1025003001,出版物|音像|音乐,马连良教唱《借东风》《清官册》（CD）         ,音乐 > 戏曲 > 京剧 > 商品详情,当当网,无
1025003001,出版物|音像|音乐,京剧-武家坡（CD）         ,音乐 > 戏曲 > 京剧 > 商品详情,当当网,无
1025003001,出版物|音像|音乐,四大须生之 谭富英 央视戏曲 13DVD,教育音像>艺术>音乐>四大须生之 谭富英 央视戏曲 13DVD,京东商城,华闻世嘉图书音像旗舰店
1025003001,出版物|音像|音乐,沪剧-中华戏曲-(全2册) ,首页  >> 文学艺术 >> 艺术  >> 戏剧艺术 >> 沪剧-中华戏曲-(全2册) ,北发图书网,
1025003001,出版物|音像|音乐,新编神话京剧 宝莲灯 DVD 正版品质,音乐>相声/戏曲/曲艺>戏曲>新编神话京剧宝莲灯DVD正版品质,京东商城,
1025003001,出版物|音像|音乐,穆桂英大战洪州 京剧 中国经典戏曲电影系列 DVD9 正版品质,音乐>相声/戏曲/曲艺>戏曲>穆桂英大战洪州京剧中国经典戏曲电影系...,京东商城,
1025003001,出版物|音像|音乐,昆曲 牡丹亭DVD 张继青演唱 电影珍藏版,音乐>相声/戏曲/曲艺>戏曲>昆曲牡丹亭DVD张继青演唱电影珍...,京东商城,
1025003001,出版物|音像|音乐,上海昆剧团昆剧大师俞振飞专辑官生折子戏2CD光盘,音乐>相声/戏曲/曲艺>曲艺>上海昆剧团昆剧大师俞振飞专辑官生折子戏2...,京东商城,
1025003001,出版物|音像|音乐,京剧经典剧目精选（10DVD）霸王别姬 贵妃醉酒 梅兰芳 张君秋等,音乐>相声/戏曲/曲艺>戏曲>京剧经典剧目精选（10DVD）霸王别姬...,京东商城,
1025003001,出版物|音像|音乐,京剧:舒昌玉舞台实况唱段辑选(2CD) 舒昌玉（演唱）,音乐>相声/戏曲/曲艺>戏曲,京东商城,
1025003001,出版物|音像|音乐,京剧艺术大师：金少山（CD）,音乐>相声/戏曲/曲艺>戏曲>京剧艺术大师：金少山（CD）,京东商城,
1025003001,出版物|音像|音乐,锡剧:西厢记(磁带),音乐 > 戏曲,曲艺,亚马逊(卓越网),王彬彬
1025003001,出版物|音像|音乐,四大名旦之荀慧生 央视戏曲 7DVD,教育音像>艺术>音乐>四大名旦之荀慧生 央视戏曲 7DVD,京东商城,华闻世嘉图书音像旗舰店
1025003001,出版物|音像|音乐,四大须生之 杨宝森 央视戏曲 10DVD,教育音像>艺术>音乐>四大须生之 杨宝森 央视戏曲 10DVD,京东商城,华闻世嘉图书音像旗舰店
1025003001,出版物|音像|音乐,CCTV 中央电视台2013年春节戏曲晚会 2DVD 央视纪录片,教育音像>文学>文学>CCTV 中央电视台2013年春节戏曲晚...,京东商城,华闻世嘉图书音像旗舰店
1025003001,出版物|音像|音乐,京剧大师:言菊朋老唱片全集(8CD),音乐>相声/戏曲/曲艺>戏曲>京剧大师:言菊朋老唱片全集(8CD),京东商城,
1025003001,出版物|音像|音乐,蒲剧-中华戏曲-(全2册) ,首页  >> 文学艺术 >> 艺术  >> 戏剧艺术 >> 蒲剧-中华戏曲-(全2册) ,北发图书网,
1025003001,出版物|音像|音乐,道听途说 相声大全 足球相声大拼盘幽默任意球 1DVD-CD-MP3,音乐>相声/戏曲/曲艺>相声>道听途说相声大全足球相声大拼盘幽默任...,京东商城,
1025003001,出版物|音像|音乐,瑞鸣 XRCD004 粉墨是梦 XRCD 戏曲主题音乐,音乐>相声/戏曲/曲艺>戏曲>瑞鸣XRCD004粉墨是梦XRCD...,京东商城,
1025003001,出版物|音像|音乐,黄梅戏名家名剧名段(珍藏版)(11CD)女驸马 天仙配 严凤英,音乐>相声/戏曲/曲艺>戏曲>黄梅戏名家名剧名段(珍藏版)(11CD)...,京东商城,
1025003001,出版物|音像|音乐,百听不厌 大师相声(5CD)侯宝林 刘宝瑞 马三立 郭全宝等,音乐>相声/戏曲/曲艺>相声>百听不厌大师相声(5CD)侯宝林刘宝...,京东商城,
1025003001,出版物|音像|音乐,京剧艺术大师：裘盛戎（CD）,音乐>相声/戏曲/曲艺>戏曲>京剧艺术大师：裘盛戎（CD）,京东商城,
1025003001,出版物|音像|音乐,亦彩绽放-姜亦珊京剧张派选段（4CD)         ,音乐 > 戏曲 > 京剧 > 亦彩绽放-姜亦珊京剧张派选段（4CD),当当网,无
1025003001,出版物|音像|音乐,刘巧儿 评剧 中国经典戏曲电影系列 DVD9 正版品质,音乐>相声/戏曲/曲艺>戏曲>刘巧儿评剧中国经典戏曲电影系列DV...,京东商城,
1025003001,出版物|音像|音乐,越剧打金枝(CD) 范瑞娟，吕瑞英，张桂凤 等（演唱）；上海越剧院乐队（演奏者）,音乐>相声/戏曲/曲艺>戏曲,京东商城,
1025003001,出版物|音像|音乐,京剧大师谭富英演唱艺术特辑（4）（CD） 谭富英，梅兰芳，谭小培（演唱）；王瑞芝，徐兰沅，王少卿，赵济羹，谭世秀，何斌奎（演奏者）,音乐>相声/戏曲/曲艺>戏曲,京东商城,
1025003001,出版物|音像|音乐,莫扎特最著名的歌剧序曲TOP（CD） 科林·戴维斯（指挥）；巴伐利亚广播交响乐团，德累斯顿国家交响乐团（乐团）,音乐>古典>歌剧/声乐,京东商城,
1025003001,出版物|音像|音乐,64马勒 第四交响曲（CD） 科林·戴维斯爵士（指挥）；巴伐利亚广播交响乐团（乐团）,音乐>古典>交响乐,京东商城,
1025003001,出版物|音像|音乐,77普罗科菲耶夫 彼得与狼（CD） 小泽征尔（指挥）；波士顿交响乐团（乐团）,音乐>古典>独奏曲,京东商城,
1025003001,出版物|音像|音乐,古琴雅集：鸟夜啼（CD） 龚一，管平湖，成公亮（演唱）；雨霖，何占豪（指挥）；上海名家交响乐队，中国广播民族乐团（演奏者）,音乐>民族音乐>民族民间音乐,京东商城,
1025003001,出版物|音像|音乐,雅尼：雅典卫城音乐会（CD） 雅尼（演唱）,音乐>休闲、功能音乐>雅尼,京东商城,
1025003001,出版物|音像|音乐,金色大厅中的莫扎特（CD） 维也纳国家广播交响乐团（演奏者）,音乐>古典>音乐会现场CD,京东商城,
1025003001,出版物|音像|音乐,专  辑： 贝多芬：钢琴奏鸣曲第1-3号,数字商品>数字音乐>古典音乐>古典器乐>独奏作品>贝多芬：钢琴奏鸣曲第1-3号,京东商城,
1025003001,出版物|音像|音乐,专  辑： 约克·鲍文：钢琴作品（第2辑）第五钢琴奏鸣曲，幻想曲，平静的夜晚，,数字商品>数字音乐>古典音乐>古典器乐>独奏作品>约克·鲍文：钢琴作品（第2辑）第五钢琴奏鸣曲，幻想曲，平静的夜晚，,京东商城,
1025003001,出版物|音像|音乐, 勃拉姆斯:第三钢琴奏鸣曲,作品5,2首狂想曲,作品79,数字商品>数字音乐>古典音乐>古典器乐>独奏作品>勃拉姆斯:第三钢琴奏鸣曲,作品5,2首狂想曲,作品79,京东商城,
1025003001,出版物|音像|音乐,专  辑： 勒科那：钢琴作品,数字商品>数字音乐>古典音乐>古典器乐>独奏作品>勒科那：钢琴作品,京东商城,
1025003001,出版物|音像|音乐,专  辑： 格林卡：钢琴作品全集（第1辑）,数字商品>数字音乐>古典音乐>古典器乐>独奏作品>格林卡：钢琴作品全集（第1辑）,京东商城,
1025003001,出版物|音像|音乐,专  辑： 肖斯塔科维奇：第一号钢琴协奏曲，室内交响乐团,数字商品>数字音乐>古典音乐>古典器乐>协奏曲>肖斯塔科维奇：第一号钢琴协奏曲，室内交响乐团,京东商城,
1025003001,出版物|音像|音乐,专  辑： 卡尔普梅尔茨 巴切：美国吉他基金会国际吉他独奏比赛大奖获得者斯蒂夫·柯思泰尼克吉他独奏音乐会,数字商品>数字音乐>古典音乐>古典器乐>古典合辑>卡尔普梅尔茨 巴切：美国吉他基金会国际吉他独奏比赛大奖获得者斯蒂夫·柯思泰尼克吉他独奏音乐会,京东商城,
1025003001,出版物|音像|音乐,专  辑： 哈恰图良：降D大调钢琴协奏曲/音乐会狂想曲,数字商品>数字音乐>古典音乐>古典器乐>交响乐>哈恰图良：降D大调钢琴协奏曲/音乐会狂想曲,京东商城,
1025003001,出版物|音像|音乐,专  辑： 德彪西：钢琴名曲,数字商品>数字音乐>古典音乐>古典器乐>独奏作品>德彪西：钢琴名曲,京东商城,
1025003001,出版物|音像|音乐,专  辑： 科普兰：钢琴奏鸣曲/钢琴幻想曲/钢琴变奏曲,数字商品>数字音乐>古典音乐>古典器乐>独奏作品>科普兰：钢琴奏鸣曲/钢琴幻想曲/钢琴变奏曲,京东商城,
1025003001,出版物|音像|音乐,专  辑： 吉他独奏音乐会,数字商品>数字音乐>古典音乐>古典器乐>独奏作品>吉他独奏音乐会,京东商城,
1025003001,出版物|音像|音乐,专  辑： 马尔蒂努：钢琴作品全集，第1辑,数字商品>数字音乐>古典音乐>古典器乐>独奏作品>马尔蒂努：钢琴作品全集，第1辑,京东商城,
1025003001,出版物|音像|音乐,专  辑： 祖恋明歌音乐会（无损）,数字商品>数字音乐>休闲娱乐>现场>音乐会>祖恋明歌音乐会（无损）,京东商城,
1025003001,出版物|音像|音乐, Op. 6 & Tchaikovsky: Serenade melancholique in B flat minor, Op.26; Valse-Scherzo Op.34 帕格尼尼（曲）；伦纳德·斯拉特金（指挥）；伦敦交响乐团（乐团）,音乐>进口CD>古典协奏曲,京东商城,
1025003001,出版物|音像|音乐,来自远方的歌:俄罗斯著名男低音歌唱家根纳吉•皮尼亚佐独唱音乐会(VCD),音乐 > 音乐影音 > 教育 ,亚马逊(卓越网),根纳吉·皮尼亚佐
1025003001,出版物|音像|音乐,虎年春节中国民族音乐会(2CD) [套装],音乐 > 古典 > 音乐会 ,亚马逊(卓越网),中国中央民族乐团
1025003001,出版物|音像|音乐,郎朗Lang Lang:维也纳独奏音乐会Standard Jewel case Live in Vienna)(2CD)(赠解说册） [套装],音乐 > 古典 > 音乐会,亚马逊(卓越网),未知艺术家
1025003001,出版物|音像|音乐,叶强师生音乐会(DVD),音乐 > 古典 > 音乐会 ,亚马逊(卓越网),
